[
  {
    "id": "MO_HUB_POLICLINICO_PS",
    "tipologia": "Ospedale Hub (Emergenza)",
    "nome": "Pronto Soccorso Generale - Policlinico di Modena",
    "provincia": "MO",
    "distretto": "Distretto di Modena",
    "comune": "Modena",
    "indirizzo": "Via del Pozzo, 71, 41124 Modena MO",
    "contatti": {
      "telefono": "059 4222111",
      "web": "https://www.aou.mo.it"
    },
    "orari": {
      "lunedi": "H24",
      "martedi": "H24",
      "mercoledi": "H24",
      "giovedi": "H24",
      "venerdi": "H24",
      "sabato": "H24",
      "domenica": "H24",
      "note": "HUB DEA II LIVELLO. Emergenze Oncologiche, Ematologiche, Nefrologiche."
    },
    "servizi_disponibili": [
      "Pronto Soccorso",
      "Shock Room",
      "Triage Avanzato"
    ]
  },
  {
    "id": "MO_HUB_POLICLINICO_MANO",
    "tipologia": "Pronto Soccorso Specialistico",
    "nome": "Pronto Soccorso della Mano - Policlinico",
    "provincia": "MO",
    "distretto": "Distretto di Modena",
    "comune": "Modena",
    "indirizzo": "Via del Pozzo, 71, 41124 Modena MO",
    "contatti": {
      "telefono": "059 4222111"
    },
    "orari": {
      "lunedi": "H24",
      "martedi": "H24",
      "mercoledi": "H24",
      "giovedi": "H24",
      "venerdi": "H24",
      "sabato": "H24",
      "domenica": "H24",
      "note": "Hub Regionale per traumi complessi alla mano. Accesso diretto o via PS."
    },
    "servizi_disponibili": [
      "Microchirurgia della mano",
      "Reimpianti"
    ]
  },
  {
    "id": "MO_HUB_POLICLINICO_OST",
    "tipologia": "Pronto Soccorso Specialistico",
    "nome": "Pronto Soccorso Ostetrico-Ginecologico Policlinico",
    "provincia": "MO",
    "distretto": "Distretto di Modena",
    "comune": "Modena",
    "indirizzo": "Via del Pozzo, 71, 41124 Modena MO",
    "contatti": {
      "telefono": "059 4222111"
    },
    "orari": {
      "lunedi": "H24",
      "martedi": "H24",
      "mercoledi": "H24",
      "giovedi": "H24",
      "venerdi": "H24",
      "sabato": "H24",
      "domenica": "H24",
      "note": "Accesso diretto per gravide e urgenze ginecologiche."
    },
    "servizi_disponibili": [
      "Sala Parto",
      "Visita ginecologica urgente"
    ]
  },
  {
    "id": "MO_HUB_POLICLINICO_PED",
    "tipologia": "Pronto Soccorso Specialistico",
    "nome": "Pronto Soccorso Pediatrico Policlinico",
    "provincia": "MO",
    "distretto": "Distretto di Modena",
    "comune": "Modena",
    "indirizzo": "Via del Pozzo, 71, 41124 Modena MO",
    "contatti": {
      "telefono": "059 4222111"
    },
    "orari": {
      "lunedi": "H24",
      "martedi": "H24",
      "mercoledi": "H24",
      "giovedi": "H24",
      "venerdi": "H24",
      "sabato": "H24",
      "domenica": "H24",
      "note": "Accesso pediatrico 0-14 anni."
    },
    "servizi_disponibili": [
      "Pediatria d'urgenza",
      "Oncoematologia pediatrica"
    ]
  },
  {
    "id": "MO_HUB_POLICLINICO_OCU",
    "tipologia": "Pronto Soccorso Specialistico",
    "nome": "Pronto Soccorso Oculistico Policlinico",
    "provincia": "MO",
    "distretto": "Distretto di Modena",
    "comune": "Modena",
    "indirizzo": "Via del Pozzo, 71, 41124 Modena MO",
    "contatti": {
      "telefono": "059 4222111"
    },
    "orari": {
      "lunedi": "08:00-20:00",
      "martedi": "08:00-20:00",
      "mercoledi": "08:00-20:00",
      "giovedi": "08:00-20:00",
      "venerdi": "08:00-20:00",
      "sabato": "08:00-14:00",
      "domenica": "Chiuso",
      "note": "Accesso diretto diurno. Di notte rivolgersi al PS Generale."
    },
    "servizi_disponibili": [
      "Visita oculistica urgente",
      "Rimozione corpi estranei"
    ]
  },
  {
    "id": "MO_HUB_BAGGIOVARA_PS",
    "tipologia": "Ospedale Hub (Emergenza)",
    "nome": "Pronto Soccorso - Ospedale Civile di Baggiovara",
    "provincia": "MO",
    "distretto": "Distretto di Modena",
    "comune": "Modena",
    "frazione": "Baggiovara",
    "indirizzo": "Via Giardini, 1355, 41126 Baggiovara MO",
    "contatti": {
      "telefono": "059 3961111",
      "web": "https://www.aou.mo.it"
    },
    "orari": {
      "lunedi": "H24",
      "martedi": "H24",
      "mercoledi": "H24",
      "giovedi": "H24",
      "venerdi": "H24",
      "sabato": "H24",
      "domenica": "H24",
      "note": "HUB TRAUMA CENTER. Riferimento per Neurochirurgia, Stroke Unit, Traumi Maggiori."
    },
    "servizi_disponibili": [
      "Pronto Soccorso Generale",
      "Trauma Team",
      "Cardiologia Interventistica"
    ]
  },
  {
    "id": "MO_CAU_POLICLINICO",
    "tipologia": "CAU - Centro Assistenza Urgenza",
    "nome": "CAU Modena (c/o Policlinico)",
    "provincia": "MO",
    "distretto": "Distretto di Modena",
    "comune": "Modena",
    "indirizzo": "Via del Pozzo, 71, 41124 Modena MO",
    "contatti": {
      "telefono": "059 4222111",
      "web": "https://www.ausl.mo.it/cau"
    },
    "orari": {
      "lunedi": "08:00-24:00",
      "martedi": "08:00-24:00",
      "mercoledi": "08:00-24:00",
      "giovedi": "08:00-24:00",
      "venerdi": "08:00-24:00",
      "sabato": "08:00-24:00",
      "domenica": "08:00-24:00",
      "note": "Accesso diretto 7/7 h16. Per codici bianchi e verdi."
    },
    "servizi_disponibili": [
      "Medicina di base urgente",
      "Sutura ferite minori",
      "Gestione coliche"
    ]
  },
  {
    "id": "MO_CDC_GP_VECCHI_MODENA",
    "tipologia": "Casa della Comunità",
    "nome": "Casa della Comunità G.P. Vecchi",
    "provincia": "MO",
    "distretto": "Distretto di Modena",
    "comune": "Modena",
    "indirizzo": "Via Rita Levi Montalcini, 200, 41122 Modena MO",
    "contatti": {
      "telefono": "059 435111"
    },
    "orari": {
      "lunedi": "07:30-18:30",
      "martedi": "07:30-18:30",
      "mercoledi": "07:30-18:30",
      "giovedi": "07:30-18:30",
      "venerdi": "07:30-18:30",
      "sabato": "07:30-12:30",
      "domenica": "Chiuso",
      "note": "Polo sanitario Modena Ovest."
    },
    "servizi_disponibili": [
      "Sportello CUP",
      "Assistenza Domiciliare",
      "Specialistica"
    ]
  },
  {
    "id": "MO_PRELIEVI_GP_VECCHI",
    "tipologia": "Punto Prelievi",
    "nome": "Punto Prelievi CdC G.P. Vecchi",
    "provincia": "MO",
    "distretto": "Distretto di Modena",
    "comune": "Modena",
    "indirizzo": "Via Rita Levi Montalcini, 200, 41122 Modena MO",
    "contatti": {
      "telefono": "059 435111"
    },
    "orari": {
      "lunedi": "07:00-09:30",
      "martedi": "07:00-09:30",
      "mercoledi": "07:00-09:30",
      "giovedi": "07:00-09:30",
      "venerdi": "07:00-09:30",
      "sabato": "07:00-09:30",
      "domenica": "Chiuso",
      "note": "Accesso su prenotazione."
    },
    "servizi_disponibili": [
      "Prelievi ematici",
      "Consegna campioni"
    ]
  },
  {
    "id": "MO_CDC_GHASSAN_DAYA",
    "tipologia": "Casa della Comunità",
    "nome": "Casa della Comunità Ghassan Daya",
    "provincia": "MO",
    "distretto": "Distretto di Modena",
    "comune": "Modena",
    "indirizzo": "Via delle Costellazioni, 180, 41126 Modena MO",
    "contatti": {
      "telefono": "059 438111"
    },
    "orari": {
      "lunedi": "08:00-18:00",
      "martedi": "08:00-18:00",
      "mercoledi": "08:00-18:00",
      "giovedi": "08:00-18:00",
      "venerdi": "08:00-18:00",
      "sabato": "Chiuso",
      "domenica": "Chiuso",
      "note": "Polo sanitario Modena Sud."
    },
    "servizi_disponibili": [
      "Medicina di Gruppo",
      "Pediatria di Comunità"
    ]
  },
  {
    "id": "MO_CONS_MINZONI_MODENA",
    "tipologia": "Consultorio",
    "nome": "Consultorio Familiare Don Minzoni",
    "provincia": "MO",
    "distretto": "Distretto di Modena",
    "comune": "Modena",
    "indirizzo": "Viale Don Minzoni, 121, 41125 Modena MO",
    "contatti": {
      "telefono": "059 3963811"
    },
    "orari": {
      "lunedi": "08:30-13:00",
      "martedi": "08:30-13:00",
      "mercoledi": "08:30-13:00",
      "giovedi": "08:30-13:00",
      "venerdi": "08:30-13:00",
      "sabato": "Chiuso",
      "domenica": "Chiuso",
      "note": "Spazio Giovani Adulti il Martedì pomeriggio."
    },
    "servizi_disponibili": [
      "Ostetricia",
      "Ginecologia",
      "Spazio Giovani Adulti"
    ]
  },
  {
    "id": "MO_PRELIEVI_NEWTON",
    "tipologia": "Punto Prelievi",
    "nome": "Punto Prelievi Via Newton",
    "provincia": "MO",
    "distretto": "Distretto di Modena",
    "comune": "Modena",
    "indirizzo": "Viale Isacco Newton, 150, 41126 Modena MO",
    "contatti": {
      "telefono": "059 438111"
    },
    "orari": {
      "lunedi": "07:00-10:00",
      "martedi": "07:00-10:00",
      "mercoledi": "07:00-10:00",
      "giovedi": "07:00-10:00",
      "venerdi": "07:00-10:00",
      "sabato": "07:00-10:00",
      "domenica": "Chiuso",
      "note": "Accesso su prenotazione."
    },
    "servizi_disponibili": [
      "Prelievi ematici"
    ]
  },
  {
    "id": "MO_OSP_CARPI_PS",
    "tipologia": "Ospedale Spoke (Emergenza)",
    "nome": "Pronto Soccorso - Ospedale Ramazzini Carpi",
    "provincia": "MO",
    "distretto": "Distretto di Carpi",
    "comune": "Carpi",
    "indirizzo": "Via Guido Molinari, 2, 41012 Carpi MO",
    "contatti": {
      "telefono": "059 659111"
    },
    "orari": {
      "lunedi": "H24",
      "martedi": "H24",
      "mercoledi": "H24",
      "giovedi": "H24",
      "venerdi": "H24",
      "sabato": "H24",
      "domenica": "H24",
      "note": "Spoke Area Nord."
    },
    "servizi_disponibili": [
      "Pronto Soccorso",
      "Rianimazione",
      "Cardiologia",
      "Ortopedia"
    ]
  },
  {
    "id": "MO_OSP_CARPI_PED",
    "tipologia": "Pronto Soccorso Specialistico",
    "nome": "Pronto Soccorso Pediatrico Carpi",
    "provincia": "MO",
    "distretto": "Distretto di Carpi",
    "comune": "Carpi",
    "indirizzo": "Via Guido Molinari, 2, 41012 Carpi MO",
    "contatti": {
      "telefono": "059 659111"
    },
    "orari": {
      "lunedi": "H24",
      "martedi": "H24",
      "mercoledi": "H24",
      "giovedi": "H24",
      "venerdi": "H24",
      "sabato": "H24",
      "domenica": "H24",
      "note": "Accesso pediatrico."
    },
    "servizi_disponibili": [
      "Pediatria d'urgenza"
    ]
  },
  {
    "id": "MO_CAU_CARPI",
    "tipologia": "CAU - Centro Assistenza Urgenza",
    "nome": "CAU Carpi (Ospedale Ramazzini)",
    "provincia": "MO",
    "distretto": "Distretto di Carpi",
    "comune": "Carpi",
    "indirizzo": "Via Guido Molinari, 2, 41012 Carpi MO",
    "contatti": {
      "telefono": "059 659111"
    },
    "orari": {
      "lunedi": "08:00-24:00",
      "martedi": "08:00-24:00",
      "mercoledi": "08:00-24:00",
      "giovedi": "08:00-24:00",
      "venerdi": "08:00-24:00",
      "sabato": "08:00-24:00",
      "domenica": "08:00-24:00",
      "note": "Ingresso dedicato piano terra."
    },
    "servizi_disponibili": [
      "Medicina urgente bassa complessità"
    ]
  },
  {
    "id": "MO_CDC_CARPI",
    "tipologia": "Casa della Comunità",
    "nome": "Casa della Comunità Carpi",
    "provincia": "MO",
    "distretto": "Distretto di Carpi",
    "comune": "Carpi",
    "indirizzo": "Piazzale Donatori di Sangue, 3, 41012 Carpi MO",
    "contatti": {
      "telefono": "059 659111"
    },
    "orari": {
      "lunedi": "07:30-18:30",
      "martedi": "07:30-18:30",
      "mercoledi": "07:30-18:30",
      "giovedi": "07:30-18:30",
      "venerdi": "07:30-18:30",
      "sabato": "07:30-12:30",
      "domenica": "Chiuso",
      "note": "Sede distrettuale."
    },
    "servizi_disponibili": [
      "CUP",
      "Assistenza Domiciliare",
      "Specialistica"
    ]
  },
  {
    "id": "MO_PRELIEVI_CARPI",
    "tipologia": "Punto Prelievi",
    "nome": "Punto Prelievi Carpi",
    "provincia": "MO",
    "distretto": "Distretto di Carpi",
    "comune": "Carpi",
    "indirizzo": "Piazzale Donatori di Sangue, 3, 41012 Carpi MO",
    "contatti": {
      "telefono": "059 659111"
    },
    "orari": {
      "lunedi": "07:15-10:00",
      "martedi": "07:15-10:00",
      "mercoledi": "07:15-10:00",
      "giovedi": "07:15-10:00",
      "venerdi": "07:15-10:00",
      "sabato": "07:15-10:00",
      "domenica": "Chiuso",
      "note": "Accesso su prenotazione."
    },
    "servizi_disponibili": [
      "Prelievi ematici"
    ]
  },
  {
    "id": "MO_CDC_SOLIERA",
    "tipologia": "Casa della Comunità",
    "nome": "Casa della Comunità Aude Pacchioni - Soliera",
    "provincia": "MO",
    "distretto": "Distretto di Carpi",
    "comune": "Soliera",
    "indirizzo": "Via 25 Aprile, 168, 41019 Soliera MO",
    "contatti": {
      "telefono": "059 568411"
    },
    "orari": {
      "lunedi": "08:00-18:00",
      "martedi": "08:00-18:00",
      "mercoledi": "08:00-18:00",
      "giovedi": "08:00-18:00",
      "venerdi": "08:00-18:00",
      "sabato": "Chiuso",
      "domenica": "Chiuso",
      "note": "Presidio territoriale."
    },
    "servizi_disponibili": [
      "Punto Prelievi",
      "CUP",
      "Consultorio"
    ]
  },
  {
    "id": "MO_PRELIEVI_SOLIERA",
    "tipologia": "Punto Prelievi",
    "nome": "Punto Prelievi Soliera",
    "provincia": "MO",
    "distretto": "Distretto di Carpi",
    "comune": "Soliera",
    "indirizzo": "Via 25 Aprile, 168, Soliera MO",
    "contatti": {
      "telefono": "059 568411"
    },
    "orari": {
      "lunedi": "07:30-09:30",
      "martedi": "07:30-09:30",
      "mercoledi": "07:30-09:30",
      "giovedi": "07:30-09:30",
      "venerdi": "07:30-09:30",
      "sabato": "Chiuso",
      "domenica": "Chiuso",
      "note": ""
    },
    "servizi_disponibili": [
      "Prelievi ematici"
    ]
  },
  {
    "id": "MO_CDC_NOVI",
    "tipologia": "Casa della Comunità",
    "nome": "Casa della Comunità Manuela Lorenzetti - Novi di Modena",
    "provincia": "MO",
    "distretto": "Distretto di Carpi",
    "comune": "Novi di Modena",
    "indirizzo": "Via Canzio Zoldi, 38H, 41016 Novi di Modena MO",
    "contatti": {
      "telefono": "059 678911"
    },
    "orari": {
      "lunedi": "08:00-14:00",
      "martedi": "08:00-14:00",
      "mercoledi": "08:00-14:00",
      "giovedi": "08:00-14:00",
      "venerdi": "08:00-14:00",
      "sabato": "Chiuso",
      "domenica": "Chiuso",
      "note": "Presidio bassa modenese."
    },
    "servizi_disponibili": [
      "Punto Prelievi",
      "Infermiere di Comunità"
    ]
  },
  {
    "id": "MO_CDC_ROVERETO",
    "tipologia": "Casa della Comunità",
    "nome": "Casa della Comunità Rovereto",
    "provincia": "MO",
    "distretto": "Distretto di Carpi",
    "comune": "Novi di Modena",
    "frazione": "Rovereto",
    "indirizzo": "Via Eugenio Curiel, 48, Rovereto di Novi MO",
    "contatti": {
      "telefono": "N/A"
    },
    "orari": {
      "lunedi": "08:00-13:00",
      "martedi": "08:00-13:00",
      "mercoledi": "08:00-13:00",
      "giovedi": "08:00-13:00",
      "venerdi": "08:00-13:00",
      "sabato": "Chiuso",
      "domenica": "Chiuso",
      "note": "Sede decentrata."
    },
    "servizi_disponibili": [
      "Medicina Generale",
      "Punto Prelievi"
    ]
  },
  {
    "id": "MO_CDC_CAMPOGALLIANO",
    "tipologia": "Casa della Comunità",
    "nome": "Casa della Comunità Campogalliano",
    "provincia": "MO",
    "distretto": "Distretto di Carpi",
    "comune": "Campogalliano",
    "indirizzo": "Piazza della Pace, 2, 41011 Campogalliano MO",
    "contatti": {
      "telefono": "059 852111"
    },
    "orari": {
      "lunedi": "08:00-13:00",
      "martedi": "08:00-13:00",
      "mercoledi": "08:00-13:00",
      "giovedi": "08:00-13:00",
      "venerdi": "08:00-13:00",
      "sabato": "Chiuso",
      "domenica": "Chiuso",
      "note": ""
    },
    "servizi_disponibili": [
      "Punto Prelievi",
      "Consultorio"
    ]
  },
  {
    "id": "MO_CONS_CAMPOGALLIANO",
    "tipologia": "Consultorio",
    "nome": "Consultorio Familiare Campogalliano",
    "provincia": "MO",
    "distretto": "Distretto di Carpi",
    "comune": "Campogalliano",
    "indirizzo": "Piazza della Pace, 2, Campogalliano MO",
    "contatti": {
      "telefono": "059 5137114"
    },
    "orari": {
      "lunedi": "09:00-13:00",
      "martedi": "09:00-13:00",
      "mercoledi": "15:00-18:00",
      "giovedi": "09:00-13:00",
      "venerdi": "09:00-13:00",
      "sabato": "10:00-13:00",
      "domenica": "Chiuso",
      "note": "3° Mercoledì del mese chiuso."
    },
    "servizi_disponibili": [
      "Ostetricia",
      "Ginecologia"
    ]
  },
  {
    "id": "MO_OSP_MIRANDOLA_PS",
    "tipologia": "Ospedale Spoke (Emergenza)",
    "nome": "Pronto Soccorso - Ospedale Santa Maria Bianca Mirandola",
    "provincia": "MO",
    "distretto": "Distretto di Mirandola",
    "comune": "Mirandola",
    "indirizzo": "Via A. Fogazzaro, 6, 41037 Mirandola MO",
    "contatti": {
      "telefono": "0535 602111"
    },
    "orari": {
      "lunedi": "H24",
      "martedi": "H24",
      "mercoledi": "H24",
      "giovedi": "H24",
      "venerdi": "H24",
      "sabato": "H24",
      "domenica": "H24",
      "note": "Riferimento emergenza Bassa Modenese."
    },
    "servizi_disponibili": [
      "Pronto Soccorso",
      "Cardiologia",
      "Ortopedia"
    ]
  },
  {
    "id": "MO_CDC_MIRANDOLA",
    "tipologia": "Casa della Comunità",
    "nome": "Casa della Comunità Norina Galavotti - Mirandola",
    "provincia": "MO",
    "distretto": "Distretto di Mirandola",
    "comune": "Mirandola",
    "indirizzo": "Via Lino Smerieri, 3, 41037 Mirandola MO",
    "contatti": {
      "telefono": "0535 602111"
    },
    "orari": {
      "lunedi": "07:30-18:30",
      "martedi": "07:30-18:30",
      "mercoledi": "07:30-18:30",
      "giovedi": "07:30-18:30",
      "venerdi": "07:30-18:30",
      "sabato": "07:30-12:30",
      "domenica": "Chiuso",
      "note": ""
    },
    "servizi_disponibili": [
      "CUP",
      "Punto Prelievi",
      "Specialistica"
    ]
  },
  {
    "id": "MO_PRELIEVI_MIRANDOLA",
    "tipologia": "Punto Prelievi",
    "nome": "Punto Prelievi Mirandola",
    "provincia": "MO",
    "distretto": "Distretto di Mirandola",
    "comune": "Mirandola",
    "indirizzo": "Via Lino Smerieri, 3, Mirandola MO",
    "contatti": {
      "telefono": "0535 602111"
    },
    "orari": {
      "lunedi": "07:30-09:30",
      "martedi": "07:30-09:30",
      "mercoledi": "07:30-09:30",
      "giovedi": "07:30-09:30",
      "venerdi": "07:30-09:30",
      "sabato": "07:30-09:30",
      "domenica": "Chiuso",
      "note": ""
    },
    "servizi_disponibili": [
      "Prelievi ematici"
    ]
  },
  {
    "id": "MO_CAU_FINALE",
    "tipologia": "CAU - Centro Assistenza Urgenza",
    "nome": "CAU Finale Emilia",
    "provincia": "MO",
    "distretto": "Distretto di Mirandola",
    "comune": "Finale Emilia",
    "indirizzo": "Via Trento Trieste, 14, 41034 Finale Emilia MO",
    "contatti": {
      "telefono": "0535 602111"
    },
    "orari": {
      "lunedi": "08:00-20:00",
      "martedi": "08:00-20:00",
      "mercoledi": "08:00-20:00",
      "giovedi": "08:00-20:00",
      "venerdi": "08:00-20:00",
      "sabato": "08:00-20:00",
      "domenica": "08:00-20:00",
      "note": "Presso la Casa della Comunità."
    },
    "servizi_disponibili": [
      "Medicina di base urgente"
    ]
  },
  {
    "id": "MO_CDC_FINALE",
    "tipologia": "Casa della Comunità",
    "nome": "Casa della Comunità Finale Emilia",
    "provincia": "MO",
    "distretto": "Distretto di Mirandola",
    "comune": "Finale Emilia",
    "indirizzo": "Via Trento Trieste, 14, 41034 Finale Emilia MO",
    "contatti": {
      "telefono": "0535 602111"
    },
    "orari": {
      "lunedi": "08:00-18:00",
      "martedi": "08:00-18:00",
      "mercoledi": "08:00-18:00",
      "giovedi": "08:00-18:00",
      "venerdi": "08:00-18:00",
      "sabato": "08:00-12:00",
      "domenica": "Chiuso",
      "note": ""
    },
    "servizi_disponibili": [
      "Punto Prelievi",
      "Consultorio",
      "Pediatria"
    ]
  },
  {
    "id": "MO_CDC_CAVEZZO",
    "tipologia": "Casa della Comunità",
    "nome": "Casa della Comunità Antonio Delfini - Cavezzo",
    "provincia": "MO",
    "distretto": "Distretto di Mirandola",
    "comune": "Cavezzo",
    "indirizzo": "Via Medaglie d'Oro, 2, 41032 Cavezzo MO",
    "contatti": {
      "telefono": "0535 46411"
    },
    "orari": {
      "lunedi": "08:00-13:00",
      "martedi": "08:00-13:00",
      "mercoledi": "08:00-13:00",
      "giovedi": "08:00-13:00",
      "venerdi": "08:00-13:00",
      "sabato": "Chiuso",
      "domenica": "Chiuso",
      "note": ""
    },
    "servizi_disponibili": [
      "Punto Prelievi",
      "Medicina di Gruppo"
    ]
  },
  {
    "id": "MO_CDC_CONCORDIA",
    "tipologia": "Casa della Comunità",
    "nome": "Casa della Comunità Concordia",
    "provincia": "MO",
    "distretto": "Distretto di Mirandola",
    "comune": "Concordia sulla Secchia",
    "indirizzo": "Via per San Possidonio, 2, 41033 Concordia MO",
    "contatti": {
      "telefono": "0535 29111"
    },
    "orari": {
      "lunedi": "08:00-13:00",
      "martedi": "08:00-13:00",
      "mercoledi": "08:00-13:00",
      "giovedi": "08:00-13:00",
      "venerdi": "08:00-13:00",
      "sabato": "Chiuso",
      "domenica": "Chiuso",
      "note": ""
    },
    "servizi_disponibili": [
      "Punto Prelievi"
    ]
  },
  {
    "id": "MO_CDC_SAN_FELICE",
    "tipologia": "Casa della Comunità",
    "nome": "Casa della Comunità San Felice sul Panaro",
    "provincia": "MO",
    "distretto": "Distretto di Mirandola",
    "comune": "San Felice sul Panaro",
    "indirizzo": "Viale Garibaldi, 160, 41038 San Felice sul Panaro MO",
    "contatti": {
      "telefono": "0535 86111"
    },
    "orari": {
      "lunedi": "08:00-18:00",
      "martedi": "08:00-18:00",
      "mercoledi": "08:00-18:00",
      "giovedi": "08:00-18:00",
      "venerdi": "08:00-18:00",
      "sabato": "08:00-12:00",
      "domenica": "Chiuso",
      "note": "Presidio strategico area est."
    },
    "servizi_disponibili": [
      "Punto Prelievi",
      "Specialistica"
    ]
  },
  {
    "id": "MO_OSP_SASSUOLO_PS",
    "tipologia": "Ospedale Spoke (Emergenza)",
    "nome": "Pronto Soccorso - Ospedale di Sassuolo",
    "provincia": "MO",
    "distretto": "Distretto di Sassuolo",
    "comune": "Sassuolo",
    "indirizzo": "Via Francesco Ruini, 2, 41049 Sassuolo MO",
    "contatti": {
      "telefono": "0536 846111"
    },
    "orari": {
      "lunedi": "H24",
      "martedi": "H24",
      "mercoledi": "H24",
      "giovedi": "H24",
      "venerdi": "H24",
      "sabato": "H24",
      "domenica": "H24",
      "note": "Ospedale a gestione mista."
    },
    "servizi_disponibili": [
      "Pronto Soccorso",
      "Cardiologia",
      "Chirurgia"
    ]
  },
  {
    "id": "MO_CAU_SASSUOLO",
    "tipologia": "CAU - Centro Assistenza Urgenza",
    "nome": "CAU Sassuolo",
    "provincia": "MO",
    "distretto": "Distretto di Sassuolo",
    "comune": "Sassuolo",
    "indirizzo": "Via Francesco Ruini, 2, 41049 Sassuolo MO",
    "contatti": {
      "telefono": "0536 846111"
    },
    "orari": {
      "lunedi": "08:00-24:00",
      "martedi": "08:00-24:00",
      "mercoledi": "08:00-24:00",
      "giovedi": "08:00-24:00",
      "venerdi": "08:00-24:00",
      "sabato": "08:00-24:00",
      "domenica": "08:00-24:00",
      "note": "Palazzina adiacente PS."
    },
    "servizi_disponibili": [
      "Urgenze minori"
    ]
  },
  {
    "id": "MO_CDC_SASSUOLO",
    "tipologia": "Casa della Comunità",
    "nome": "Casa della Comunità Orizzonte di Salute - Sassuolo",
    "provincia": "MO",
    "distretto": "Distretto di Sassuolo",
    "comune": "Sassuolo",
    "indirizzo": "Via Fratelli Cairoli, 19, 41049 Sassuolo MO",
    "contatti": {
      "telefono": "0536 863611"
    },
    "orari": {
      "lunedi": "08:00-18:00",
      "martedi": "08:00-18:00",
      "mercoledi": "08:00-18:00",
      "giovedi": "08:00-18:00",
      "venerdi": "08:00-18:00",
      "sabato": "08:00-12:00",
      "domenica": "Chiuso",
      "note": ""
    },
    "servizi_disponibili": [
      "Consultorio",
      "Pediatria di Comunità"
    ]
  },
  {
    "id": "MO_CDC_FORMIGINE",
    "tipologia": "Casa della Comunità",
    "nome": "Casa della Comunità Formigine",
    "provincia": "MO",
    "distretto": "Distretto di Sassuolo",
    "comune": "Formigine",
    "indirizzo": "Via Giardini Sud, 2, 41043 Formigine MO",
    "contatti": {
      "telefono": "059 552111"
    },
    "orari": {
      "lunedi": "07:30-18:30",
      "martedi": "07:30-18:30",
      "mercoledi": "07:30-18:30",
      "giovedi": "07:30-18:30",
      "venerdi": "07:30-18:30",
      "sabato": "07:30-12:30",
      "domenica": "Chiuso",
      "note": ""
    },
    "servizi_disponibili": [
      "Punto Prelievi",
      "Specialistica"
    ]
  },
  {
    "id": "MO_CDC_CASINALBO",
    "tipologia": "Casa della Comunità",
    "nome": "Casa della Comunità Villa Bianchi - Casinalbo",
    "provincia": "MO",
    "distretto": "Distretto di Sassuolo",
    "comune": "Formigine",
    "frazione": "Casinalbo",
    "indirizzo": "Via Landucci, 1/A, Casinalbo MO",
    "contatti": {
      "telefono": "059 552111"
    },
    "orari": {
      "lunedi": "08:00-13:00",
      "martedi": "08:00-13:00",
      "mercoledi": "08:00-13:00",
      "giovedi": "08:00-13:00",
      "venerdi": "08:00-13:00",
      "sabato": "Chiuso",
      "domenica": "Chiuso",
      "note": "Presidio decentrato."
    },
    "servizi_disponibili": [
      "Punto Prelievi",
      "Medicina di Gruppo"
    ]
  },
  {
    "id": "MO_CDC_MARANELLO",
    "tipologia": "Casa della Comunità",
    "nome": "Casa della Comunità Maranello",
    "provincia": "MO",
    "distretto": "Distretto di Sassuolo",
    "comune": "Maranello",
    "indirizzo": "Piazza Amendola, 6, 41053 Maranello MO",
    "contatti": {
      "telefono": "0536 949111"
    },
    "orari": {
      "lunedi": "08:00-13:00",
      "martedi": "08:00-13:00",
      "mercoledi": "08:00-13:00",
      "giovedi": "08:00-13:00",
      "venerdi": "08:00-13:00",
      "sabato": "Chiuso",
      "domenica": "Chiuso",
      "note": ""
    },
    "servizi_disponibili": [
      "Punto Prelievi"
    ]
  },
  {
    "id": "MO_CDC_FIORANO",
    "tipologia": "Casa della Comunità",
    "nome": "Casa della Comunità Fiorano Modenese",
    "provincia": "MO",
    "distretto": "Distretto di Sassuolo",
    "comune": "Fiorano Modenese",
    "indirizzo": "Via Bhuber, 1, 41042 Fiorano MO",
    "contatti": {
      "telefono": "0536 833111"
    },
    "orari": {
      "lunedi": "08:00-13:00",
      "martedi": "08:00-13:00",
      "mercoledi": "08:00-13:00",
      "giovedi": "08:00-13:00",
      "venerdi": "08:00-13:00",
      "sabato": "Chiuso",
      "domenica": "Chiuso",
      "note": ""
    },
    "servizi_disponibili": [
      "Punto Prelievi"
    ]
  },
  {
    "id": "MO_CDC_MONTEFIORINO",
    "tipologia": "Casa della Comunità",
    "nome": "Casa della Comunità Valli Dolo, Dragone e Secchia",
    "provincia": "MO",
    "distretto": "Distretto di Sassuolo",
    "comune": "Montefiorino",
    "indirizzo": "Via Casa Volpe, 2, 41045 Montefiorino MO",
    "contatti": {
      "telefono": "0536 969111"
    },
    "orari": {
      "lunedi": "08:00-13:00",
      "martedi": "08:00-13:00",
      "mercoledi": "08:00-13:00",
      "giovedi": "08:00-13:00",
      "venerdi": "08:00-13:00",
      "sabato": "08:00-12:00",
      "domenica": "Chiuso",
      "note": "Presidio montano fondamentale."
    },
    "servizi_disponibili": [
      "Punto Prelievi",
      "Continuità Assistenziale",
      "Ambulatorio Infermieristico"
    ]
  },
  {
    "id": "MO_CDC_FRASSINORO",
    "tipologia": "Casa della Comunità",
    "nome": "Casa della Comunità Frassinoro",
    "provincia": "MO",
    "distretto": "Distretto di Sassuolo",
    "comune": "Frassinoro",
    "indirizzo": "Via Roma, 22, 41044 Frassinoro MO",
    "contatti": {
      "telefono": "0536 971111"
    },
    "orari": {
      "lunedi": "09:00-12:00",
      "martedi": "09:00-12:00",
      "mercoledi": "09:00-12:00",
      "giovedi": "09:00-12:00",
      "venerdi": "09:00-12:00",
      "sabato": "Chiuso",
      "domenica": "Chiuso",
      "note": "Micro-nodo montano."
    },
    "servizi_disponibili": [
      "Punto Prelievi",
      "Guardia Medica Turistica (Estate)"
    ]
  },
  {
    "id": "MO_CDC_PALAGANO",
    "tipologia": "Casa della Comunità",
    "nome": "Casa della Comunità Palagano",
    "provincia": "MO",
    "distretto": "Distretto di Sassuolo",
    "comune": "Palagano",
    "indirizzo": "Via 23 Dicembre, 2, 41046 Palagano MO",
    "contatti": {
      "telefono": "0536 976111"
    },
    "orari": {
      "lunedi": "08:00-12:00",
      "martedi": "08:00-12:00",
      "mercoledi": "08:00-12:00",
      "giovedi": "08:00-12:00",
      "venerdi": "08:00-12:00",
      "sabato": "Chiuso",
      "domenica": "Chiuso",
      "note": ""
    },
    "servizi_disponibili": [
      "Punto Prelievi"
    ]
  },
  {
    "id": "MO_OSP_PAVULLO_PS",
    "tipologia": "Ospedale di Montagna (Emergenza)",
    "nome": "Pronto Soccorso - Ospedale di Pavullo nel Frignano",
    "provincia": "MO",
    "distretto": "Distretto di Pavullo nel Frignano",
    "comune": "Pavullo nel Frignano",
    "indirizzo": "Viale Martiri, 63, 41026 Pavullo MO",
    "contatti": {
      "telefono": "0536 29111"
    },
    "orari": {
      "lunedi": "H24",
      "martedi": "H24",
      "mercoledi": "H24",
      "giovedi": "H24",
      "venerdi": "H24",
      "sabato": "H24",
      "domenica": "H24",
      "note": "Hub per l'Appennino."
    },
    "servizi_disponibili": [
      "Pronto Soccorso",
      "Ortopedia",
      "Chirurgia",
      "Elisuperficie"
    ]
  },
  {
    "id": "MO_CDC_PAVULLO",
    "tipologia": "Casa della Comunità",
    "nome": "Casa della Comunità Pavullo",
    "provincia": "MO",
    "distretto": "Distretto di Pavullo nel Frignano",
    "comune": "Pavullo nel Frignano",
    "indirizzo": "Viale Martiri, 63, 41026 Pavullo MO",
    "contatti": {
      "telefono": "0536 29111"
    },
    "orari": {
      "lunedi": "08:00-18:00",
      "martedi": "08:00-18:00",
      "mercoledi": "08:00-18:00",
      "giovedi": "08:00-18:00",
      "venerdi": "08:00-18:00",
      "sabato": "08:00-12:00",
      "domenica": "Chiuso",
      "note": ""
    },
    "servizi_disponibili": [
      "CUP",
      "Consultorio",
      "Specialistica"
    ]
  },
  {
    "id": "MO_CAU_FANANO",
    "tipologia": "CAU - Centro Assistenza Urgenza",
    "nome": "CAU Fanano (Montagna)",
    "provincia": "MO",
    "distretto": "Distretto di Pavullo nel Frignano",
    "comune": "Fanano",
    "indirizzo": "Via Sabbatini, Fanano MO",
    "contatti": {
      "telefono": "0536 68888"
    },
    "orari": {
      "lunedi": "08:00-20:00",
      "martedi": "08:00-20:00",
      "mercoledi": "08:00-20:00",
      "giovedi": "08:00-20:00",
      "venerdi": "08:00-20:00",
      "sabato": "08:00-20:00",
      "domenica": "08:00-20:00",
      "note": "Riferimento per zona turistica del Cimone."
    },
    "servizi_disponibili": [
      "Medicina di base urgente",
      "Piccoli traumi"
    ]
  },
  {
    "id": "MO_CDC_FANANO",
    "tipologia": "Casa della Comunità",
    "nome": "Casa della Comunità Fanano",
    "provincia": "MO",
    "distretto": "Distretto di Pavullo nel Frignano",
    "comune": "Fanano",
    "indirizzo": "Via Sabbatini, Fanano MO",
    "contatti": {
      "telefono": "0536 68888"
    },
    "orari": {
      "lunedi": "08:00-13:00",
      "martedi": "08:00-13:00",
      "mercoledi": "08:00-13:00",
      "giovedi": "08:00-13:00",
      "venerdi": "08:00-13:00",
      "sabato": "Chiuso",
      "domenica": "Chiuso",
      "note": ""
    },
    "servizi_disponibili": [
      "Punto Prelievi"
    ]
  },
  {
    "id": "MO_CDC_PIEVEPELAGO",
    "tipologia": "Casa della Comunità",
    "nome": "Casa della Comunità Pievepelago",
    "provincia": "MO",
    "distretto": "Distretto di Pavullo nel Frignano",
    "comune": "Pievepelago",
    "indirizzo": "Via Roma, 2, 41027 Pievepelago MO",
    "contatti": {
      "telefono": "0536 71311"
    },
    "orari": {
      "lunedi": "09:00-12:00",
      "martedi": "09:00-12:00",
      "mercoledi": "09:00-12:00",
      "giovedi": "09:00-12:00",
      "venerdi": "09:00-12:00",
      "sabato": "Chiuso",
      "domenica": "Chiuso",
      "note": "Presidio Alto Appennino."
    },
    "servizi_disponibili": [
      "Punto Prelievi",
      "Guardia Medica Turistica"
    ]
  },
  {
    "id": "MO_CDC_SESTOLA",
    "tipologia": "Casa della Comunità",
    "nome": "Casa della Comunità Sestola",
    "provincia": "MO",
    "distretto": "Distretto di Pavullo nel Frignano",
    "comune": "Sestola",
    "indirizzo": "Corso Libertà, 41029 Sestola MO",
    "contatti": {
      "telefono": "0536 62311"
    },
    "orari": {
      "lunedi": "08:00-12:00",
      "martedi": "08:00-12:00",
      "mercoledi": "08:00-12:00",
      "giovedi": "08:00-12:00",
      "venerdi": "08:00-12:00",
      "sabato": "Chiuso",
      "domenica": "Chiuso",
      "note": ""
    },
    "servizi_disponibili": [
      "Punto Prelievi",
      "Guardia Medica Turistica (Estate/Inverno)"
    ]
  },
  {
    "id": "MO_CDC_LAMA",
    "tipologia": "Casa della Comunità",
    "nome": "Casa della Comunità Lama Mocogno",
    "provincia": "MO",
    "distretto": "Distretto di Pavullo nel Frignano",
    "comune": "Lama Mocogno",
    "indirizzo": "Via Giardini, Lama Mocogno MO",
    "contatti": {
      "telefono": "0536 44111"
    },
    "orari": {
      "lunedi": "08:30-12:30",
      "martedi": "08:30-12:30",
      "mercoledi": "08:30-12:30",
      "giovedi": "08:30-12:30",
      "venerdi": "08:30-12:30",
      "sabato": "Chiuso",
      "domenica": "Chiuso",
      "note": "Micro-nodo."
    },
    "servizi_disponibili": [
      "Punto Prelievi"
    ]
  },
  {
    "id": "MO_CDC_SERRAMAZZONI",
    "tipologia": "Casa della Comunità",
    "nome": "Casa della Comunità Serramazzoni",
    "provincia": "MO",
    "distretto": "Distretto di Pavullo nel Frignano",
    "comune": "Serramazzoni",
    "indirizzo": "Via Roma, Serramazzoni MO",
    "contatti": {
      "telefono": "0536 952111"
    },
    "orari": {
      "lunedi": "08:00-13:00",
      "martedi": "08:00-13:00",
      "mercoledi": "08:00-13:00",
      "giovedi": "08:00-13:00",
      "venerdi": "08:00-13:00",
      "sabato": "Chiuso",
      "domenica": "Chiuso",
      "note": ""
    },
    "servizi_disponibili": [
      "Punto Prelievi",
      "Pediatria"
    ]
  },
  {
    "id": "MO_OSP_VIGNOLA_PS",
    "tipologia": "Ospedale Spoke (Emergenza)",
    "nome": "Pronto Soccorso - Ospedale di Vignola",
    "provincia": "MO",
    "distretto": "Distretto di Vignola",
    "comune": "Vignola",
    "indirizzo": "Via Papa Giovanni Paolo II, 41058 Vignola MO",
    "contatti": {
      "telefono": "059 777011"
    },
    "orari": {
      "lunedi": "H24",
      "martedi": "H24",
      "mercoledi": "H24",
      "giovedi": "H24",
      "venerdi": "H24",
      "sabato": "H24",
      "domenica": "H24",
      "note": "Riferimento Unione Terre di Castelli."
    },
    "servizi_disponibili": [
      "Pronto Soccorso",
      "Medicina Interna",
      "Chirurgia"
    ]
  },
  {
    "id": "MO_CAU_VIGNOLA",
    "tipologia": "CAU - Centro Assistenza Urgenza",
    "nome": "CAU Vignola",
    "provincia": "MO",
    "distretto": "Distretto di Vignola",
    "comune": "Vignola",
    "indirizzo": "Via Papa Giovanni Paolo II, Vignola MO",
    "contatti": {
      "telefono": "059 777011"
    },
    "orari": {
      "lunedi": "08:00-24:00",
      "martedi": "08:00-24:00",
      "mercoledi": "08:00-24:00",
      "giovedi": "08:00-24:00",
      "venerdi": "08:00-24:00",
      "sabato": "08:00-24:00",
      "domenica": "08:00-24:00",
      "note": "Presso l'Ospedale."
    },
    "servizi_disponibili": [
      "Urgenze minori"
    ]
  },
  {
    "id": "MO_CDC_VIGNOLA",
    "tipologia": "Casa della Comunità",
    "nome": "Casa della Comunità Vignola",
    "provincia": "MO",
    "distretto": "Distretto di Vignola",
    "comune": "Vignola",
    "indirizzo": "Via Papa Giovanni Paolo II, Vignola MO",
    "contatti": {
      "telefono": "059 777011"
    },
    "orari": {
      "lunedi": "07:30-18:30",
      "martedi": "07:30-18:30",
      "mercoledi": "07:30-18:30",
      "giovedi": "07:30-18:30",
      "venerdi": "07:30-18:30",
      "sabato": "07:30-12:30",
      "domenica": "Chiuso",
      "note": ""
    },
    "servizi_disponibili": [
      "CUP",
      "Punto Prelievi",
      "Consultorio"
    ]
  },
  {
    "id": "MO_CDC_SPILAMBERTO",
    "tipologia": "Casa della Comunità",
    "nome": "Casa della Comunità Nicolaus Machella - Spilamberto",
    "provincia": "MO",
    "distretto": "Distretto di Vignola",
    "comune": "Spilamberto",
    "indirizzo": "Via Quartieri, 30, 41057 Spilamberto MO",
    "contatti": {
      "telefono": "059 789111"
    },
    "orari": {
      "lunedi": "08:00-18:00",
      "martedi": "08:00-18:00",
      "mercoledi": "08:00-18:00",
      "giovedi": "08:00-18:00",
      "venerdi": "08:00-18:00",
      "sabato": "Chiuso",
      "domenica": "Chiuso",
      "note": ""
    },
    "servizi_disponibili": [
      "Punto Prelievi",
      "Specialistica"
    ]
  },
  {
    "id": "MO_CDC_CASTELNUOVO",
    "tipologia": "Casa della Comunità",
    "nome": "Casa della Comunità Castelnuovo Rangone",
    "provincia": "MO",
    "distretto": "Distretto di Vignola",
    "comune": "Castelnuovo Rangone",
    "indirizzo": "Via Turati, 2, 41051 Castelnuovo Rangone MO",
    "contatti": {
      "telefono": "059 534111"
    },
    "orari": {
      "lunedi": "08:00-13:00",
      "martedi": "08:00-13:00",
      "mercoledi": "08:00-13:00",
      "giovedi": "08:00-13:00",
      "venerdi": "08:00-13:00",
      "sabato": "Chiuso",
      "domenica": "Chiuso",
      "note": ""
    },
    "servizi_disponibili": [
      "Punto Prelievi"
    ]
  },
  {
    "id": "MO_CDC_CASTELVETRO",
    "tipologia": "Casa della Comunità",
    "nome": "Casa della Comunità Castelvetro di Modena",
    "provincia": "MO",
    "distretto": "Distretto di Vignola",
    "comune": "Castelvetro di Modena",
    "indirizzo": "Via Destra Guerro, 30, 41014 Castelvetro MO",
    "contatti": {
      "telefono": "059 758111"
    },
    "orari": {
      "lunedi": "08:00-13:00",
      "martedi": "08:00-13:00",
      "mercoledi": "08:00-13:00",
      "giovedi": "08:00-13:00",
      "venerdi": "08:00-13:00",
      "sabato": "Chiuso",
      "domenica": "Chiuso",
      "note": ""
    },
    "servizi_disponibili": [
      "Punto Prelievi"
    ]
  },
  {
    "id": "MO_CDC_SAVIGNANO",
    "tipologia": "Casa della Comunità",
    "nome": "Casa della Comunità Savignano sul Panaro",
    "provincia": "MO",
    "distretto": "Distretto di Vignola",
    "comune": "Savignano sul Panaro",
    "indirizzo": "Via Claudia, 2465, 41056 Savignano MO",
    "contatti": {
      "telefono": "059 731111"
    },
    "orari": {
      "lunedi": "08:00-12:00",
      "martedi": "08:00-12:00",
      "mercoledi": "08:00-12:00",
      "giovedi": "08:00-12:00",
      "venerdi": "08:00-12:00",
      "sabato": "Chiuso",
      "domenica": "Chiuso",
      "note": ""
    },
    "servizi_disponibili": [
      "Punto Prelievi"
    ]
  },
  {
    "id": "MO_CDC_GUIGLIA",
    "tipologia": "Casa della Comunità",
    "nome": "Casa della Comunità La Carrucola - Guiglia",
    "provincia": "MO",
    "distretto": "Distretto di Vignola",
    "comune": "Guiglia",
    "indirizzo": "Via Repubblica, 10, 41052 Guiglia MO",
    "contatti": {
      "telefono": "059 709111"
    },
    "orari": {
      "lunedi": "08:30-12:30",
      "martedi": "08:30-12:30",
      "mercoledi": "08:30-12:30",
      "giovedi": "08:30-12:30",
      "venerdi": "08:30-12:30",
      "sabato": "Chiuso",
      "domenica": "Chiuso",
      "note": ""
    },
    "servizi_disponibili": [
      "Punto Prelievi"
    ]
  },
  {
    "id": "MO_CDC_ZOCCA",
    "tipologia": "Casa della Comunità",
    "nome": "Casa della Comunità Zocca",
    "provincia": "MO",
    "distretto": "Distretto di Vignola",
    "comune": "Zocca",
    "indirizzo": "Via M. Tesi, 166, 41059 Zocca MO",
    "contatti": {
      "telefono": "059 987111"
    },
    "orari": {
      "lunedi": "08:00-13:00",
      "martedi": "08:00-13:00",
      "mercoledi": "08:00-13:00",
      "giovedi": "08:00-13:00",
      "venerdi": "08:00-13:00",
      "sabato": "Chiuso",
      "domenica": "Chiuso",
      "note": ""
    },
    "servizi_disponibili": [
      "Punto Prelievi",
      "Guardia Medica Turistica"
    ]
  },
  {
    "id": "MO_CDC_MONTESE",
    "tipologia": "Casa della Comunità",
    "nome": "Casa della Comunità Montese",
    "provincia": "MO",
    "distretto": "Distretto di Vignola",
    "comune": "Montese",
    "indirizzo": "Via Panoramica, 50, 41055 Montese MO",
    "contatti": {
      "telefono": "059 970111"
    },
    "orari": {
      "lunedi": "08:30-12:30",
      "martedi": "08:30-12:30",
      "mercoledi": "08:30-12:30",
      "giovedi": "08:30-12:30",
      "venerdi": "08:30-12:30",
      "sabato": "Chiuso",
      "domenica": "Chiuso",
      "note": ""
    },
    "servizi_disponibili": [
      "Punto Prelievi",
      "Guardia Medica Turistica"
    ]
  },
  {
    "id": "MO_CAU_CASTELFRANCO",
    "tipologia": "CAU - Centro Assistenza Urgenza",
    "nome": "CAU Castelfranco Emilia",
    "provincia": "MO",
    "distretto": "Distretto di Castelfranco Emilia",
    "comune": "Castelfranco Emilia",
    "indirizzo": "Piazzale Grazia Deledda, 41013 Castelfranco Emilia MO",
    "contatti": {
      "telefono": "059 929111"
    },
    "orari": {
      "lunedi": "08:00-24:00",
      "martedi": "08:00-24:00",
      "mercoledi": "08:00-24:00",
      "giovedi": "08:00-24:00",
      "venerdi": "08:00-24:00",
      "sabato": "08:00-24:00",
      "domenica": "08:00-24:00",
      "note": "Accesso diretto h16. NO Pronto Soccorso (solo codici bianchi/verdi)."
    },
    "servizi_disponibili": [
      "Medicina di base urgente",
      "Radiologia territoriale"
    ]
  },
  {
    "id": "MO_CDC_CASTELFRANCO",
    "tipologia": "Casa della Comunità",
    "nome": "Casa della Comunità Regina Margherita - Castelfranco",
    "provincia": "MO",
    "distretto": "Distretto di Castelfranco Emilia",
    "comune": "Castelfranco Emilia",
    "indirizzo": "Piazzale Grazia Deledda, 41013 Castelfranco Emilia MO",
    "contatti": {
      "telefono": "059 929111"
    },
    "orari": {
      "lunedi": "07:30-18:30",
      "martedi": "07:30-18:30",
      "mercoledi": "07:30-18:30",
      "giovedi": "07:30-18:30",
      "venerdi": "07:30-18:30",
      "sabato": "07:30-12:30",
      "domenica": "Chiuso",
      "note": "Sede centrale distretto."
    },
    "servizi_disponibili": [
      "Ospedale di Comunità",
      "Punto Prelievi",
      "Consultorio"
    ]
  },
  {
    "id": "MO_CDC_BOMPORTO",
    "tipologia": "Casa della Comunità",
    "nome": "Casa della Comunità del Sorbara - Bomporto",
    "provincia": "MO",
    "distretto": "Distretto di Castelfranco Emilia",
    "comune": "Bomporto",
    "indirizzo": "Piazza Matteotti, 34/B, 41030 Bomporto MO",
    "contatti": {
      "telefono": "059 909111"
    },
    "orari": {
      "lunedi": "07:30-13:00",
      "martedi": "07:30-13:00",
      "mercoledi": "07:30-13:00",
      "giovedi": "07:30-13:00",
      "venerdi": "07:30-13:00",
      "sabato": "Chiuso",
      "domenica": "Chiuso",
      "note": ""
    },
    "servizi_disponibili": [
      "Punto Prelievi",
      "Consultorio"
    ]
  },
  {
    "id": "MO_CDC_NONANTOLA",
    "tipologia": "Casa della Comunità",
    "nome": "Casa della Comunità Nonantola",
    "provincia": "MO",
    "distretto": "Distretto di Castelfranco Emilia",
    "comune": "Nonantola",
    "indirizzo": "Via delle Rimembranze, 10, 41015 Nonantola MO",
    "contatti": {
      "telefono": "059 549111"
    },
    "orari": {
      "lunedi": "07:30-13:00",
      "martedi": "07:30-13:00",
      "mercoledi": "07:30-13:00",
      "giovedi": "07:30-13:00",
      "venerdi": "07:30-13:00",
      "sabato": "Chiuso",
      "domenica": "Chiuso",
      "note": ""
    },
    "servizi_disponibili": [
      "Punto Prelievi",
      "Medicina di Gruppo"
    ]
  },
  {
    "id": "MO_CDC_SAN_CESARIO",
    "tipologia": "Casa della Comunità",
    "nome": "Casa della Comunità San Cesario sul Panaro",
    "provincia": "MO",
    "distretto": "Distretto di Castelfranco Emilia",
    "comune": "San Cesario sul Panaro",
    "indirizzo": "Corso Libertà, 41018 San Cesario sul Panaro MO",
    "contatti": {
      "telefono": "059 936111"
    },
    "orari": {
      "lunedi": "08:00-12:00",
      "martedi": "08:00-12:00",
      "mercoledi": "08:00-12:00",
      "giovedi": "08:00-12:00",
      "venerdi": "08:00-12:00",
      "sabato": "Chiuso",
      "domenica": "Chiuso",
      "note": ""
    },
    "servizi_disponibili": [
      "Punto Prelievi"
    ]
  },
  {
    "id": "MO_CONS_CASTELFRANCO",
    "tipologia": "Consultorio",
    "nome": "Consultorio Familiare Castelfranco Emilia",
    "provincia": "MO",
    "distretto": "Distretto di Castelfranco Emilia",
    "comune": "Castelfranco Emilia",
    "indirizzo": "Piazzale Grazia Deledda, Castelfranco Emilia MO",
    "contatti": {
      "telefono": "059 5137202"
    },
    "orari": {
      "lunedi": "08:30-12:00",
      "martedi": "14:30-17:30",
      "mercoledi": "08:30-12:00",
      "giovedi": "08:30-12:00",
      "venerdi": "08:30-12:00",
      "sabato": "08:30-12:00",
      "domenica": "Chiuso",
      "note": "Spazio Giovani: Mer 14:30-18:00."
    },
    "servizi_disponibili": [
      "Ostetricia",
      "Ginecologia",
      "Spazio Giovani"
    ]
  },
  {
    "id": "MO_GM_PROVINCIALE",
    "tipologia": "Guardia Medica",
    "nome": "Continuità Assistenziale Provincia di Modena",
    "provincia": "MO",
    "distretto": "Tutti i Distretti",
    "comune": "Modena",
    "indirizzo": "Centrale Operativa Provinciale",
    "contatti": {
      "telefono": "800 032 032"
    },
    "orari": {
      "lunedi": "20:00-08:00",
      "martedi": "20:00-08:00",
      "mercoledi": "20:00-08:00",
      "giovedi": "20:00-08:00",
      "venerdi": "20:00-08:00",
      "sabato": "H24",
      "domenica": "H24",
      "note": "NUMERO UNICO GRATUITO. Contattare sempre prima di recarsi in ambulatorio."
    },
    "servizi_disponibili": [
      "Visite domiciliari urgenti",
      "Consulti telefonici",
      "Certificati di malattia"
    ]
  }
]