[
  {
    "id": "PR_HUB_MAGGIORE_PS",
    "tipologia": "Ospedale Hub (Emergenza)",
    "nome": "Pronto Soccorso Generale - Ospedale Maggiore di Parma",
    "provincia": "PR",
    "distretto": "Distretto di Parma",
    "comune": "Parma",
    "frazione": "Oltretorrente",
    "indirizzo": "Via Gramsci, 14, 43126 Parma PR (Padiglione 5)",
    "contatti": {
      "telefono": "0521 702111",
      "web": "https://www.ao.pr.it"
    },
    "orari": {
      "lunedi": "H24",
      "martedi": "H24",
      "mercoledi": "H24",
      "giovedi": "H24",
      "venerdi": "H24",
      "sabato": "H24",
      "domenica": "H24",
      "note": "HUB DEA II LIVELLO. Trauma Center, Neurochirurgia, Cardiochirurgia, Centro Ustioni."
    },
    "servizi_disponibili": [
      "Pronto Soccorso Generale",
      "Trauma Team",
      "Shock Room",
      "Rianimazione",
      "Stroke Unit"
    ]
  },
  {
    "id": "PR_HUB_MAGGIORE_PED",
    "tipologia": "Pronto Soccorso Specialistico",
    "nome": "Pronto Soccorso Pediatrico - Ospedale dei Bambini",
    "provincia": "PR",
    "distretto": "Distretto di Parma",
    "comune": "Parma",
    "indirizzo": "Via Gramsci, 14, 43126 Parma PR (Padiglione 12)",
    "contatti": {
      "telefono": "0521 702111"
    },
    "orari": {
      "lunedi": "H24",
      "martedi": "H24",
      "mercoledi": "H24",
      "giovedi": "H24",
      "venerdi": "H24",
      "sabato": "H24",
      "domenica": "H24",
      "note": "Accesso diretto pediatrico (0-14 anni)."
    },
    "servizi_disponibili": [
      "Pediatria d'urgenza",
      "Osservazione Breve Intensiva Pediatrica",
      "Traumatologia pediatrica"
    ]
  },
  {
    "id": "PR_HUB_MAGGIORE_OST",
    "tipologia": "Pronto Soccorso Specialistico",
    "nome": "Pronto Soccorso Ostetrico-Ginecologico Maggiore",
    "provincia": "PR",
    "distretto": "Distretto di Parma",
    "comune": "Parma",
    "indirizzo": "Via Gramsci, 14, 43126 Parma PR (Padiglione Maternità)",
    "contatti": {
      "telefono": "0521 702111"
    },
    "orari": {
      "lunedi": "H24",
      "martedi": "H24",
      "mercoledi": "H24",
      "giovedi": "H24",
      "venerdi": "H24",
      "sabato": "H24",
      "domenica": "H24",
      "note": "Accesso diretto per gravide e urgenze ginecologiche."
    },
    "servizi_disponibili": [
      "Sala Parto",
      "Terapia Intensiva Neonatale",
      "Visita ginecologica urgente"
    ]
  },
  {
    "id": "PR_HUB_MAGGIORE_OCU",
    "tipologia": "Pronto Soccorso Specialistico",
    "nome": "Pronto Soccorso Oculistico Maggiore",
    "provincia": "PR",
    "distretto": "Distretto di Parma",
    "comune": "Parma",
    "indirizzo": "Via Gramsci, 14, 43126 Parma PR (Padiglione Cattani)",
    "contatti": {
      "telefono": "0521 703050"
    },
    "orari": {
      "lunedi": "08:00-20:00",
      "martedi": "08:00-20:00",
      "mercoledi": "08:00-20:00",
      "giovedi": "08:00-20:00",
      "venerdi": "08:00-20:00",
      "sabato": "08:00-14:00",
      "domenica": "Chiuso",
      "note": "Accesso diretto diurno. Di notte e festivi rivolgersi al PS Generale."
    },
    "servizi_disponibili": [
      "Visita oculistica urgente",
      "Rimozione corpi estranei"
    ]
  },
  {
    "id": "PR_CAU_PARMA",
    "tipologia": "CAU - Centro Assistenza Urgenza",
    "nome": "CAU Parma (Ospedale Maggiore)",
    "provincia": "PR",
    "distretto": "Distretto di Parma",
    "comune": "Parma",
    "indirizzo": "Via Volturna, 14, 43126 Parma PR (Padiglione 21)",
    "contatti": {
      "telefono": "0521 702111",
      "web": "https://www.ausl.pr.it/cau"
    },
    "orari": {
      "lunedi": "H24",
      "martedi": "H24",
      "mercoledi": "H24",
      "giovedi": "H24",
      "venerdi": "H24",
      "sabato": "H24",
      "domenica": "H24",
      "note": "Accesso diretto H24 per codici bianchi e verdi. Situato vicino al PS ma con ingresso autonomo."
    },
    "servizi_disponibili": [
      "Medicina di base urgente",
      "Medicazioni",
      "Piccola traumatologia",
      "Prescrizioni urgenti"
    ]
  },
  {
    "id": "PR_CDS_PINTOR_MOLINETTO",
    "tipologia": "Casa della Comunità",
    "nome": "Casa della Salute Pintor-Molinetto",
    "provincia": "PR",
    "distretto": "Distretto di Parma",
    "comune": "Parma",
    "frazione": "Molinetto",
    "indirizzo": "Via Pintor, 1, 43125 Parma PR",
    "contatti": {
      "telefono": "0521 396400",
      "web": "https://www.ausl.pr.it/cds_pintor"
    },
    "orari": {
      "lunedi": "07:30-19:30",
      "martedi": "07:30-19:30",
      "mercoledi": "07:30-19:30",
      "giovedi": "07:30-19:30",
      "venerdi": "07:30-19:30",
      "sabato": "07:30-13:00",
      "domenica": "Chiuso",
      "note": "Polo sanitario di riferimento per il quartiere Molinetto."
    },
    "servizi_disponibili": [
      "Punto Prelievi",
      "CUP",
      "Medicina di Gruppo",
      "Specialistica Ambulatoriale",
      "Assistenza Domiciliare"
    ]
  },
  {
    "id": "PR_PRELIEVI_PINTOR",
    "tipologia": "Punto Prelievi",
    "nome": "Punto Prelievi Pintor-Molinetto",
    "provincia": "PR",
    "distretto": "Distretto di Parma",
    "comune": "Parma",
    "indirizzo": "Via Pintor, 1, Parma PR",
    "contatti": {
      "telefono": "0521 396400"
    },
    "orari": {
      "lunedi": "07:30-10:00",
      "martedi": "07:30-10:00",
      "mercoledi": "07:30-10:00",
      "giovedi": "07:30-10:00",
      "venerdi": "07:30-10:00",
      "sabato": "07:30-10:00",
      "domenica": "Chiuso",
      "note": "Accesso su prenotazione."
    },
    "servizi_disponibili": [
      "Prelievi ematici",
      "Consegna campioni"
    ]
  },
  {
    "id": "PR_CDS_LUBIANA",
    "tipologia": "Casa della Comunità",
    "nome": "Casa della Salute Lubiana-San Lazzaro",
    "provincia": "PR",
    "distretto": "Distretto di Parma",
    "comune": "Parma",
    "frazione": "San Lazzaro",
    "indirizzo": "Via XXIV Maggio, 63, 43123 Parma PR",
    "contatti": {
      "telefono": "0521 396038"
    },
    "orari": {
      "lunedi": "07:30-19:00",
      "martedi": "07:30-19:00",
      "mercoledi": "07:30-19:00",
      "giovedi": "07:30-19:00",
      "venerdi": "07:30-19:00",
      "sabato": "07:30-13:00",
      "domenica": "Chiuso",
      "note": "Polo sanitario zona Est."
    },
    "servizi_disponibili": [
      "Punto Prelievi",
      "Consultorio Familiare",
      "Pediatria di Comunità",
      "Neuropsichiatria Infantile"
    ]
  },
  {
    "id": "PR_PRELIEVI_LUBIANA",
    "tipologia": "Punto Prelievi",
    "nome": "Punto Prelievi Lubiana-San Lazzaro",
    "provincia": "PR",
    "distretto": "Distretto di Parma",
    "comune": "Parma",
    "indirizzo": "Via XXIV Maggio, 63, Parma PR",
    "contatti": {
      "telefono": "0521 396038"
    },
    "orari": {
      "lunedi": "07:30-09:30",
      "martedi": "07:30-09:30",
      "mercoledi": "07:30-09:30",
      "giovedi": "07:30-09:30",
      "venerdi": "07:30-09:30",
      "sabato": "07:30-09:30",
      "domenica": "Chiuso",
      "note": ""
    },
    "servizi_disponibili": [
      "Prelievi ematici"
    ]
  },
  {
    "id": "PR_CDS_MONTEBELLO",
    "tipologia": "Casa della Comunità",
    "nome": "Casa della Salute Montanara",
    "provincia": "PR",
    "distretto": "Distretto di Parma",
    "comune": "Parma",
    "frazione": "Montanara",
    "indirizzo": "Via Carmignani, 13, 43124 Parma PR",
    "contatti": {
      "telefono": "0521 257911"
    },
    "orari": {
      "lunedi": "07:30-18:30",
      "martedi": "07:30-18:30",
      "mercoledi": "07:30-18:30",
      "giovedi": "07:30-18:30",
      "venerdi": "07:30-18:30",
      "sabato": "07:30-12:30",
      "domenica": "Chiuso",
      "note": "Polo zona Sud."
    },
    "servizi_disponibili": [
      "Punto Prelievi",
      "CUP",
      "Medicina di Gruppo"
    ]
  },
  {
    "id": "PR_PRELIEVI_MONTANARA",
    "tipologia": "Punto Prelievi",
    "nome": "Punto Prelievi Montanara",
    "provincia": "PR",
    "distretto": "Distretto di Parma",
    "comune": "Parma",
    "indirizzo": "Via Carmignani, 13, Parma PR",
    "contatti": {
      "telefono": "0521 257911"
    },
    "orari": {
      "lunedi": "07:30-09:30",
      "martedi": "07:30-09:30",
      "mercoledi": "07:30-09:30",
      "giovedi": "07:30-09:30",
      "venerdi": "07:30-09:30",
      "sabato": "07:30-09:30",
      "domenica": "Chiuso",
      "note": ""
    },
    "servizi_disponibili": [
      "Prelievi ematici"
    ]
  },
  {
    "id": "PR_CDS_PABLO",
    "tipologia": "Casa della Comunità",
    "nome": "Casa della Salute Pablo",
    "provincia": "PR",
    "distretto": "Distretto di Parma",
    "comune": "Parma",
    "indirizzo": "Viale Piacenza, 24, 43126 Parma PR",
    "contatti": {
      "telefono": "0521 393111"
    },
    "orari": {
      "lunedi": "08:00-18:00",
      "martedi": "08:00-18:00",
      "mercoledi": "08:00-18:00",
      "giovedi": "08:00-18:00",
      "venerdi": "08:00-18:00",
      "sabato": "Chiuso",
      "domenica": "Chiuso",
      "note": "Servizio Medicina dello Sport."
    },
    "servizi_disponibili": [
      "Medicina dello Sport",
      "Ambulatori Specialistici"
    ]
  },
  {
    "id": "PR_CDS_COLORNO",
    "tipologia": "Casa della Comunità",
    "nome": "Casa della Salute Colorno-Torrile",
    "provincia": "PR",
    "distretto": "Distretto di Parma",
    "comune": "Colorno",
    "indirizzo": "Via Suor Maria, 3, 43052 Colorno PR",
    "contatti": {
      "telefono": "0521 316311"
    },
    "orari": {
      "lunedi": "07:30-18:00",
      "martedi": "07:30-18:00",
      "mercoledi": "07:30-18:00",
      "giovedi": "07:30-18:00",
      "venerdi": "07:30-18:00",
      "sabato": "07:30-12:00",
      "domenica": "Chiuso",
      "note": "Presidio Bassa Est."
    },
    "servizi_disponibili": [
      "Punto Prelievi",
      "CUP",
      "Consultorio",
      "Pediatria"
    ]
  },
  {
    "id": "PR_PRELIEVI_COLORNO",
    "tipologia": "Punto Prelievi",
    "nome": "Punto Prelievi Colorno",
    "provincia": "PR",
    "distretto": "Distretto di Parma",
    "comune": "Colorno",
    "indirizzo": "Via Suor Maria, 3, Colorno PR",
    "contatti": {
      "telefono": "0521 316311"
    },
    "orari": {
      "lunedi": "07:30-09:30",
      "martedi": "07:30-09:30",
      "mercoledi": "07:30-09:30",
      "giovedi": "07:30-09:30",
      "venerdi": "07:30-09:30",
      "sabato": "Chiuso",
      "domenica": "Chiuso",
      "note": ""
    },
    "servizi_disponibili": [
      "Prelievi ematici"
    ]
  },
  {
    "id": "PR_CDS_SORBOLO",
    "tipologia": "Casa della Comunità",
    "nome": "Casa della Salute Sorbolo",
    "provincia": "PR",
    "distretto": "Distretto di Parma",
    "comune": "Sorbolo Mezzani",
    "frazione": "Sorbolo",
    "indirizzo": "Via Del Donatore, 2, 43058 Sorbolo PR",
    "contatti": {
      "telefono": "0521 664611"
    },
    "orari": {
      "lunedi": "07:30-13:30",
      "martedi": "07:30-13:30",
      "mercoledi": "07:30-13:30",
      "giovedi": "07:30-13:30",
      "venerdi": "07:30-13:30",
      "sabato": "07:30-12:00",
      "domenica": "Chiuso",
      "note": ""
    },
    "servizi_disponibili": [
      "Punto Prelievi",
      "CUP"
    ]
  },
  {
    "id": "PR_PRELIEVI_SORBOLO",
    "tipologia": "Punto Prelievi",
    "nome": "Punto Prelievi Sorbolo",
    "provincia": "PR",
    "distretto": "Distretto di Parma",
    "comune": "Sorbolo Mezzani",
    "frazione": "Sorbolo",
    "indirizzo": "Via Del Donatore, 2, Sorbolo PR",
    "contatti": {
      "telefono": "0521 664611"
    },
    "orari": {
      "lunedi": "07:30-09:30",
      "martedi": "07:30-09:30",
      "mercoledi": "07:30-09:30",
      "giovedi": "07:30-09:30",
      "venerdi": "07:30-09:30",
      "sabato": "07:30-09:30",
      "domenica": "Chiuso",
      "note": ""
    },
    "servizi_disponibili": [
      "Prelievi ematici"
    ]
  },
  {
    "id": "PR_OSP_VAIO_PS",
    "tipologia": "Ospedale Spoke (Emergenza)",
    "nome": "Pronto Soccorso - Ospedale di Vaio (Fidenza)",
    "provincia": "PR",
    "distretto": "Distretto di Fidenza",
    "comune": "Fidenza",
    "frazione": "Vaio",
    "indirizzo": "Via Don Tincati, 5, 43036 Fidenza PR",
    "contatti": {
      "telefono": "0524 515111",
      "web": "https://www.ausl.pr.it"
    },
    "orari": {
      "lunedi": "H24",
      "martedi": "H24",
      "mercoledi": "H24",
      "giovedi": "H24",
      "venerdi": "H24",
      "sabato": "H24",
      "domenica": "H24",
      "note": "Ospedale di riferimento per il distretto di Fidenza e Valli."
    },
    "servizi_disponibili": [
      "Pronto Soccorso",
      "Rianimazione",
      "Cardiologia",
      "Ortopedia",
      "Camera Iperbarica"
    ]
  },
  {
    "id": "PR_CAU_FIDENZA",
    "tipologia": "CAU - Centro Assistenza Urgenza",
    "nome": "CAU Fidenza (Ospedale di Vaio)",
    "provincia": "PR",
    "distretto": "Distretto di Fidenza",
    "comune": "Fidenza",
    "frazione": "Vaio",
    "indirizzo": "Via Don Tincati, 5, 43036 Fidenza PR (Corpo M)",
    "contatti": {
      "telefono": "0524 515111"
    },
    "orari": {
      "lunedi": "H24",
      "martedi": "H24",
      "mercoledi": "H24",
      "giovedi": "H24",
      "venerdi": "H24",
      "sabato": "H24",
      "domenica": "H24",
      "note": "Accesso diretto H24. Codici minori."
    },
    "servizi_disponibili": [
      "Medicina di base urgente",
      "Medicazioni"
    ]
  },
  {
    "id": "PR_CDS_FIDENZA",
    "tipologia": "Casa della Comunità",
    "nome": "Casa della Salute Fidenza",
    "provincia": "PR",
    "distretto": "Distretto di Fidenza",
    "comune": "Fidenza",
    "indirizzo": "Via Esperanto, 2, 43036 Fidenza PR",
    "contatti": {
      "telefono": "0524 515666"
    },
    "orari": {
      "lunedi": "07:30-18:00",
      "martedi": "07:30-18:00",
      "mercoledi": "07:30-18:00",
      "giovedi": "07:30-18:00",
      "venerdi": "07:30-18:00",
      "sabato": "07:30-12:30",
      "domenica": "Chiuso",
      "note": ""
    },
    "servizi_disponibili": [
      "Punto Prelievi",
      "CUP",
      "Consultorio"
    ]
  },
  {
    "id": "PR_PRELIEVI_FIDENZA",
    "tipologia": "Punto Prelievi",
    "nome": "Punto Prelievi Fidenza (Città)",
    "provincia": "PR",
    "distretto": "Distretto di Fidenza",
    "comune": "Fidenza",
    "indirizzo": "Via Esperanto, 2, Fidenza PR",
    "contatti": {
      "telefono": "0524 515666"
    },
    "orari": {
      "lunedi": "07:30-09:30",
      "martedi": "07:30-09:30",
      "mercoledi": "07:30-09:30",
      "giovedi": "07:30-09:30",
      "venerdi": "07:30-09:30",
      "sabato": "07:30-09:30",
      "domenica": "Chiuso",
      "note": ""
    },
    "servizi_disponibili": [
      "Prelievi ematici"
    ]
  },
  {
    "id": "PR_CDS_SAN_SECONDO",
    "tipologia": "Casa della Comunità",
    "nome": "Casa della Salute San Secondo",
    "provincia": "PR",
    "distretto": "Distretto di Fidenza",
    "comune": "San Secondo Parmense",
    "indirizzo": "Piazza Martiri della Libertà, 24, 43017 San Secondo PR",
    "contatti": {
      "telefono": "0521 371111"
    },
    "orari": {
      "lunedi": "07:30-18:00",
      "martedi": "07:30-18:00",
      "mercoledi": "07:30-18:00",
      "giovedi": "07:30-18:00",
      "venerdi": "07:30-18:00",
      "sabato": "07:30-12:00",
      "domenica": "Chiuso",
      "note": "Ospedale di Comunità attivo."
    },
    "servizi_disponibili": [
      "Ospedale di Comunità",
      "Punto Prelievi",
      "CUP",
      "Dialisi"
    ]
  },
  {
    "id": "PR_PRELIEVI_SAN_SECONDO",
    "tipologia": "Punto Prelievi",
    "nome": "Punto Prelievi San Secondo",
    "provincia": "PR",
    "distretto": "Distretto di Fidenza",
    "comune": "San Secondo Parmense",
    "indirizzo": "Piazza Martiri, 24, San Secondo PR",
    "contatti": {
      "telefono": "0521 371111"
    },
    "orari": {
      "lunedi": "07:30-09:30",
      "martedi": "07:30-09:30",
      "mercoledi": "07:30-09:30",
      "giovedi": "07:30-09:30",
      "venerdi": "07:30-09:30",
      "sabato": "07:30-09:30",
      "domenica": "Chiuso",
      "note": ""
    },
    "servizi_disponibili": [
      "Prelievi ematici"
    ]
  },
  {
    "id": "PR_CDS_FONTANELLATO",
    "tipologia": "Casa della Comunità",
    "nome": "Casa della Salute Fontanellato",
    "provincia": "PR",
    "distretto": "Distretto di Fidenza",
    "comune": "Fontanellato",
    "indirizzo": "Via XXIV Maggio, 15, 43012 Fontanellato PR",
    "contatti": {
      "telefono": "0521 829511"
    },
    "orari": {
      "lunedi": "08:00-13:00",
      "martedi": "08:00-13:00",
      "mercoledi": "08:00-13:00",
      "giovedi": "08:00-13:00",
      "venerdi": "08:00-13:00",
      "sabato": "Chiuso",
      "domenica": "Chiuso",
      "note": ""
    },
    "servizi_disponibili": [
      "Punto Prelievi",
      "CUP"
    ]
  },
  {
    "id": "PR_PRELIEVI_FONTANELLATO",
    "tipologia": "Punto Prelievi",
    "nome": "Punto Prelievi Fontanellato",
    "provincia": "PR",
    "distretto": "Distretto di Fidenza",
    "comune": "Fontanellato",
    "indirizzo": "Via XXIV Maggio, 15, Fontanellato PR",
    "contatti": {
      "telefono": "0521 829511"
    },
    "orari": {
      "lunedi": "07:30-09:30",
      "martedi": "07:30-09:30",
      "mercoledi": "07:30-09:30",
      "giovedi": "07:30-09:30",
      "venerdi": "07:30-09:30",
      "sabato": "Chiuso",
      "domenica": "Chiuso",
      "note": ""
    },
    "servizi_disponibili": [
      "Prelievi ematici"
    ]
  },
  {
    "id": "PR_CDS_BUSSETO",
    "tipologia": "Casa della Comunità",
    "nome": "Casa della Salute Busseto",
    "provincia": "PR",
    "distretto": "Distretto di Fidenza",
    "comune": "Busseto",
    "indirizzo": "Via Leoncavallo, 2, 43011 Busseto PR",
    "contatti": {
      "telefono": "0524 937111"
    },
    "orari": {
      "lunedi": "08:00-13:00",
      "martedi": "08:00-13:00",
      "mercoledi": "08:00-13:00",
      "giovedi": "08:00-13:00",
      "venerdi": "08:00-13:00",
      "sabato": "Chiuso",
      "domenica": "Chiuso",
      "note": ""
    },
    "servizi_disponibili": [
      "Punto Prelievi",
      "Specialistica"
    ]
  },
  {
    "id": "PR_PRELIEVI_BUSSETO",
    "tipologia": "Punto Prelievi",
    "nome": "Punto Prelievi Busseto",
    "provincia": "PR",
    "distretto": "Distretto di Fidenza",
    "comune": "Busseto",
    "indirizzo": "Via Leoncavallo, 2, Busseto PR",
    "contatti": {
      "telefono": "0524 937111"
    },
    "orari": {
      "lunedi": "07:30-09:00",
      "martedi": "07:30-09:00",
      "mercoledi": "07:30-09:00",
      "giovedi": "07:30-09:00",
      "venerdi": "07:30-09:00",
      "sabato": "Chiuso",
      "domenica": "Chiuso",
      "note": ""
    },
    "servizi_disponibili": [
      "Prelievi ematici"
    ]
  },
  {
    "id": "PR_CDS_NOCETO",
    "tipologia": "Casa della Comunità",
    "nome": "Casa della Salute Noceto",
    "provincia": "PR",
    "distretto": "Distretto di Fidenza",
    "comune": "Noceto",
    "indirizzo": "Via Dalla Chiesa, 30, 43015 Noceto PR",
    "contatti": {
      "telefono": "0521 667411"
    },
    "orari": {
      "lunedi": "08:00-13:00",
      "martedi": "08:00-13:00",
      "mercoledi": "08:00-13:00",
      "giovedi": "08:00-13:00",
      "venerdi": "08:00-13:00",
      "sabato": "Chiuso",
      "domenica": "Chiuso",
      "note": ""
    },
    "servizi_disponibili": [
      "Punto Prelievi",
      "CUP"
    ]
  },
  {
    "id": "PR_PRELIEVI_NOCETO",
    "tipologia": "Punto Prelievi",
    "nome": "Punto Prelievi Noceto",
    "provincia": "PR",
    "distretto": "Distretto di Fidenza",
    "comune": "Noceto",
    "indirizzo": "Via Dalla Chiesa, 30, Noceto PR",
    "contatti": {
      "telefono": "0521 667411"
    },
    "orari": {
      "lunedi": "07:30-09:30",
      "martedi": "07:30-09:30",
      "mercoledi": "07:30-09:30",
      "giovedi": "07:30-09:30",
      "venerdi": "07:30-09:30",
      "sabato": "Chiuso",
      "domenica": "Chiuso",
      "note": ""
    },
    "servizi_disponibili": [
      "Prelievi ematici"
    ]
  },
  {
    "id": "PR_CDS_SISSA_TRECASALI",
    "tipologia": "Casa della Comunità",
    "nome": "Casa della Salute Sissa Trecasali",
    "provincia": "PR",
    "distretto": "Distretto di Fidenza",
    "comune": "Sissa Trecasali",
    "frazione": "Trecasali",
    "indirizzo": "Via Nazionale, 3, 43018 Trecasali PR",
    "contatti": {
      "telefono": "0521 527011"
    },
    "orari": {
      "lunedi": "08:00-13:00",
      "martedi": "08:00-13:00",
      "mercoledi": "08:00-13:00",
      "giovedi": "08:00-13:00",
      "venerdi": "08:00-13:00",
      "sabato": "Chiuso",
      "domenica": "Chiuso",
      "note": ""
    },
    "servizi_disponibili": [
      "Punto Prelievi"
    ]
  },
  {
    "id": "PR_OSP_BORGOTARO_PS",
    "tipologia": "Ospedale di Montagna (Emergenza)",
    "nome": "Pronto Soccorso - Ospedale Santa Maria Borgo Val di Taro",
    "provincia": "PR",
    "distretto": "Distretto Valli Taro e Ceno",
    "comune": "Borgo Val di Taro",
    "indirizzo": "Via Benefattori, 12, 43043 Borgo Val di Taro PR",
    "contatti": {
      "telefono": "0525 970111",
      "web": "https://www.ausl.pr.it"
    },
    "orari": {
      "lunedi": "H24",
      "martedi": "H24",
      "mercoledi": "H24",
      "giovedi": "H24",
      "venerdi": "H24",
      "sabato": "H24",
      "domenica": "H24",
      "note": "Hub per l'Appennino Parmense."
    },
    "servizi_disponibili": [
      "Pronto Soccorso",
      "Ortopedia",
      "Chirurgia",
      "Medicina Interna"
    ]
  },
  {
    "id": "PR_CDS_BORGOTARO",
    "tipologia": "Casa della Comunità",
    "nome": "Casa della Salute Borgo Val di Taro",
    "provincia": "PR",
    "distretto": "Distretto Valli Taro e Ceno",
    "comune": "Borgo Val di Taro",
    "indirizzo": "Via Benefattori, 12, Borgo Val di Taro PR",
    "contatti": {
      "telefono": "0525 970111"
    },
    "orari": {
      "lunedi": "07:30-18:00",
      "martedi": "07:30-18:00",
      "mercoledi": "07:30-18:00",
      "giovedi": "07:30-18:00",
      "venerdi": "07:30-18:00",
      "sabato": "07:30-12:00",
      "domenica": "Chiuso",
      "note": "Adiacente all'ospedale."
    },
    "servizi_disponibili": [
      "Punto Prelievi",
      "Consultorio",
      "CUP"
    ]
  },
  {
    "id": "PR_PRELIEVI_BORGOTARO",
    "tipologia": "Punto Prelievi",
    "nome": "Punto Prelievi Borgo Val di Taro",
    "provincia": "PR",
    "distretto": "Distretto Valli Taro e Ceno",
    "comune": "Borgo Val di Taro",
    "indirizzo": "Via Benefattori, 12, Borgo Val di Taro PR",
    "contatti": {
      "telefono": "0525 970111"
    },
    "orari": {
      "lunedi": "07:30-09:30",
      "martedi": "07:30-09:30",
      "mercoledi": "07:30-09:30",
      "giovedi": "07:30-09:30",
      "venerdi": "07:30-09:30",
      "sabato": "07:30-09:30",
      "domenica": "Chiuso",
      "note": ""
    },
    "servizi_disponibili": [
      "Prelievi ematici"
    ]
  },
  {
    "id": "PR_CDS_LANGHIRANO",
    "tipologia": "Casa della Comunità",
    "nome": "Casa della Salute Langhirano",
    "provincia": "PR",
    "distretto": "Distretto Sud-Est",
    "comune": "Langhirano",
    "indirizzo": "Via Roma, 42, 43013 Langhirano PR",
    "contatti": {
      "telefono": "0521 865111"
    },
    "orari": {
      "lunedi": "07:30-18:30",
      "martedi": "07:30-18:30",
      "mercoledi": "07:30-18:30",
      "giovedi": "07:30-18:30",
      "venerdi": "07:30-18:30",
      "sabato": "07:30-12:30",
      "domenica": "Chiuso",
      "note": "Hub Distretto Sud-Est. Presenza CAU."
    },
    "servizi_disponibili": [
      "CAU",
      "Punto Prelievi",
      "Consultorio",
      "Specialistica"
    ]
  },
  {
    "id": "PR_CAU_LANGHIRANO",
    "tipologia": "CAU - Centro Assistenza Urgenza",
    "nome": "CAU Langhirano",
    "provincia": "PR",
    "distretto": "Distretto Sud-Est",
    "comune": "Langhirano",
    "indirizzo": "Via Roma, 42, 43013 Langhirano PR",
    "contatti": {
      "telefono": "0521 865111"
    },
    "orari": {
      "lunedi": "08:00-20:00",
      "martedi": "08:00-20:00",
      "mercoledi": "08:00-20:00",
      "giovedi": "08:00-20:00",
      "venerdi": "08:00-20:00",
      "sabato": "08:00-20:00",
      "domenica": "08:00-20:00",
      "note": "Accesso diretto."
    },
    "servizi_disponibili": [
      "Medicina di base urgente"
    ]
  },
  {
    "id": "PR_PRELIEVI_LANGHIRANO",
    "tipologia": "Punto Prelievi",
    "nome": "Punto Prelievi Langhirano",
    "provincia": "PR",
    "distretto": "Distretto Sud-Est",
    "comune": "Langhirano",
    "indirizzo": "Via Roma, 42, Langhirano PR",
    "contatti": {
      "telefono": "0521 865111"
    },
    "orari": {
      "lunedi": "07:30-09:30",
      "martedi": "07:30-09:30",
      "mercoledi": "07:30-09:30",
      "giovedi": "07:30-09:30",
      "venerdi": "07:30-09:30",
      "sabato": "07:30-09:30",
      "domenica": "Chiuso",
      "note": ""
    },
    "servizi_disponibili": [
      "Prelievi ematici"
    ]
  },
  {
    "id": "PR_CDS_TRAVERSETOLO",
    "tipologia": "Casa della Comunità",
    "nome": "Casa della Salute Traversetolo",
    "provincia": "PR",
    "distretto": "Distretto Sud-Est",
    "comune": "Traversetolo",
    "indirizzo": "Via IV Novembre, 95, 43029 Traversetolo PR",
    "contatti": {
      "telefono": "0521 844911"
    },
    "orari": {
      "lunedi": "07:30-18:00",
      "martedi": "07:30-18:00",
      "mercoledi": "07:30-18:00",
      "giovedi": "07:30-18:00",
      "venerdi": "07:30-18:00",
      "sabato": "07:30-12:00",
      "domenica": "Chiuso",
      "note": ""
    },
    "servizi_disponibili": [
      "Punto Prelievi",
      "CUP",
      "Consultorio"
    ]
  },
  {
    "id": "PR_PRELIEVI_TRAVERSETOLO",
    "tipologia": "Punto Prelievi",
    "nome": "Punto Prelievi Traversetolo",
    "provincia": "PR",
    "distretto": "Distretto Sud-Est",
    "comune": "Traversetolo",
    "indirizzo": "Via IV Novembre, 95, Traversetolo PR",
    "contatti": {
      "telefono": "0521 844911"
    },
    "orari": {
      "lunedi": "07:30-09:30",
      "martedi": "07:30-09:30",
      "mercoledi": "07:30-09:30",
      "giovedi": "07:30-09:30",
      "venerdi": "07:30-09:30",
      "sabato": "07:30-09:30",
      "domenica": "Chiuso",
      "note": ""
    },
    "servizi_disponibili": [
      "Prelievi ematici"
    ]
  },
  {
    "id": "PR_CDS_COLLECCHIO",
    "tipologia": "Casa della Comunità",
    "nome": "Casa della Salute Collecchio",
    "provincia": "PR",
    "distretto": "Distretto Sud-Est",
    "comune": "Collecchio",
    "indirizzo": "Via Berlinguer, 2, 43044 Collecchio PR",
    "contatti": {
      "telefono": "0521 308111"
    },
    "orari": {
      "lunedi": "07:30-18:00",
      "martedi": "07:30-18:00",
      "mercoledi": "07:30-18:00",
      "giovedi": "07:30-18:00",
      "venerdi": "07:30-18:00",
      "sabato": "07:30-12:30",
      "domenica": "Chiuso",
      "note": ""
    },
    "servizi_disponibili": [
      "Punto Prelievi",
      "Pediatria"
    ]
  },
  {
    "id": "PR_PRELIEVI_COLLECCHIO",
    "tipologia": "Punto Prelievi",
    "nome": "Punto Prelievi Collecchio",
    "provincia": "PR",
    "distretto": "Distretto Sud-Est",
    "comune": "Collecchio",
    "indirizzo": "Via Berlinguer, 2, Collecchio PR",
    "contatti": {
      "telefono": "0521 308111"
    },
    "orari": {
      "lunedi": "07:30-09:30",
      "martedi": "07:30-09:30",
      "mercoledi": "07:30-09:30",
      "giovedi": "07:30-09:30",
      "venerdi": "07:30-09:30",
      "sabato": "07:30-09:30",
      "domenica": "Chiuso",
      "note": ""
    },
    "servizi_disponibili": [
      "Prelievi ematici"
    ]
  },
  {
    "id": "PR_CDS_BEDONIA",
    "tipologia": "Casa della Comunità",
    "nome": "Casa della Salute Bedonia",
    "provincia": "PR",
    "distretto": "Distretto Valli Taro e Ceno",
    "comune": "Bedonia",
    "indirizzo": "Piazza Caduti per la Patria, 1, 43041 Bedonia PR",
    "contatti": {
      "telefono": "0525 824111"
    },
    "orari": {
      "lunedi": "08:00-18:00",
      "martedi": "08:00-18:00",
      "mercoledi": "08:00-18:00",
      "giovedi": "08:00-18:00",
      "venerdi": "08:00-18:00",
      "sabato": "08:00-12:00",
      "domenica": "Chiuso",
      "note": "Presidio Alta Val Taro."
    },
    "servizi_disponibili": [
      "Punto Prelievi",
      "Guardia Medica Turistica (Estate)"
    ]
  },
  {
    "id": "PR_PRELIEVI_BEDONIA",
    "tipologia": "Punto Prelievi",
    "nome": "Punto Prelievi Bedonia",
    "provincia": "PR",
    "distretto": "Distretto Valli Taro e Ceno",
    "comune": "Bedonia",
    "indirizzo": "Piazza Caduti per la Patria, 1, Bedonia PR",
    "contatti": {
      "telefono": "0525 824111"
    },
    "orari": {
      "lunedi": "07:30-09:30",
      "martedi": "07:30-09:30",
      "mercoledi": "07:30-09:30",
      "giovedi": "07:30-09:30",
      "venerdi": "07:30-09:30",
      "sabato": "Chiuso",
      "domenica": "Chiuso",
      "note": ""
    },
    "servizi_disponibili": [
      "Prelievi ematici"
    ]
  },
  {
    "id": "PR_CDS_MEDESANO",
    "tipologia": "Casa della Comunità",
    "nome": "Casa della Salute Medesano",
    "provincia": "PR",
    "distretto": "Distretto Valli Taro e Ceno",
    "comune": "Medesano",
    "indirizzo": "Via Roma, 2, 43014 Medesano PR",
    "contatti": {
      "telefono": "0525 422111"
    },
    "orari": {
      "lunedi": "08:00-18:00",
      "martedi": "08:00-18:00",
      "mercoledi": "08:00-18:00",
      "giovedi": "08:00-18:00",
      "venerdi": "08:00-18:00",
      "sabato": "08:00-12:00",
      "domenica": "Chiuso",
      "note": "Presidio Media Valle."
    },
    "servizi_disponibili": [
      "Punto Prelievi",
      "Pediatria"
    ]
  },
  {
    "id": "PR_PRELIEVI_MEDESANO",
    "tipologia": "Punto Prelievi",
    "nome": "Punto Prelievi Medesano",
    "provincia": "PR",
    "distretto": "Distretto Valli Taro e Ceno",
    "comune": "Medesano",
    "indirizzo": "Via Roma, 2, Medesano PR",
    "contatti": {
      "telefono": "0525 422111"
    },
    "orari": {
      "lunedi": "07:30-09:30",
      "martedi": "07:30-09:30",
      "mercoledi": "07:30-09:30",
      "giovedi": "07:30-09:30",
      "venerdi": "07:30-09:30",
      "sabato": "Chiuso",
      "domenica": "Chiuso",
      "note": ""
    },
    "servizi_disponibili": [
      "Prelievi ematici"
    ]
  },
  {
    "id": "PR_CDS_FORNOVO",
    "tipologia": "Casa della Comunità",
    "nome": "Casa della Salute Fornovo di Taro",
    "provincia": "PR",
    "distretto": "Distretto Valli Taro e Ceno",
    "comune": "Fornovo di Taro",
    "indirizzo": "Via Solferino, 2, 43045 Fornovo di Taro PR",
    "contatti": {
      "telefono": "0525 400111"
    },
    "orari": {
      "lunedi": "08:00-18:00",
      "martedi": "08:00-18:00",
      "mercoledi": "08:00-18:00",
      "giovedi": "08:00-18:00",
      "venerdi": "08:00-18:00",
      "sabato": "08:00-12:00",
      "domenica": "Chiuso",
      "note": "Presidio strategico."
    },
    "servizi_disponibili": [
      "Punto Prelievi",
      "CAU",
      "Consultorio"
    ]
  },
  {
    "id": "PR_CAU_FORNOVO",
    "tipologia": "CAU - Centro Assistenza Urgenza",
    "nome": "CAU Fornovo",
    "provincia": "PR",
    "distretto": "Distretto Valli Taro e Ceno",
    "comune": "Fornovo di Taro",
    "indirizzo": "Via Solferino, 2, 43045 Fornovo di Taro PR",
    "contatti": {
      "telefono": "0525 400111"
    },
    "orari": {
      "lunedi": "08:00-20:00",
      "martedi": "08:00-20:00",
      "mercoledi": "08:00-20:00",
      "giovedi": "08:00-20:00",
      "venerdi": "08:00-20:00",
      "sabato": "08:00-20:00",
      "domenica": "08:00-20:00",
      "note": "Accesso diretto."
    },
    "servizi_disponibili": [
      "Medicina di base urgente"
    ]
  },
  {
    "id": "PR_PRELIEVI_FORNOVO",
    "tipologia": "Punto Prelievi",
    "nome": "Punto Prelievi Fornovo",
    "provincia": "PR",
    "distretto": "Distretto Valli Taro e Ceno",
    "comune": "Fornovo di Taro",
    "indirizzo": "Via Solferino, 2, Fornovo PR",
    "contatti": {
      "telefono": "0525 400111"
    },
    "orari": {
      "lunedi": "07:30-09:30",
      "martedi": "07:30-09:30",
      "mercoledi": "07:30-09:30",
      "giovedi": "07:30-09:30",
      "venerdi": "07:30-09:30",
      "sabato": "07:30-09:30",
      "domenica": "Chiuso",
      "note": ""
    },
    "servizi_disponibili": [
      "Prelievi ematici"
    ]
  },
  {
    "id": "PR_CDS_BARDI",
    "tipologia": "Casa della Comunità",
    "nome": "Casa della Salute Bardi",
    "provincia": "PR",
    "distretto": "Distretto Valli Taro e Ceno",
    "comune": "Bardi",
    "indirizzo": "Via Roma, 1, 43032 Bardi PR",
    "contatti": {
      "telefono": "0525 71111"
    },
    "orari": {
      "lunedi": "08:00-13:00",
      "martedi": "08:00-13:00",
      "mercoledi": "08:00-13:00",
      "giovedi": "08:00-13:00",
      "venerdi": "08:00-13:00",
      "sabato": "Chiuso",
      "domenica": "Chiuso",
      "note": "Presidio Val Ceno."
    },
    "servizi_disponibili": [
      "Punto Prelievi",
      "Guardia Medica"
    ]
  },
  {
    "id": "PR_PRELIEVI_BARDI",
    "tipologia": "Punto Prelievi",
    "nome": "Punto Prelievi Bardi",
    "provincia": "PR",
    "distretto": "Distretto Valli Taro e Ceno",
    "comune": "Bardi",
    "indirizzo": "Via Roma, 1, Bardi PR",
    "contatti": {
      "telefono": "0525 71111"
    },
    "orari": {
      "lunedi": "08:00-09:30",
      "martedi": "08:00-09:30",
      "mercoledi": "08:00-09:30",
      "giovedi": "08:00-09:30",
      "venerdi": "08:00-09:30",
      "sabato": "Chiuso",
      "domenica": "Chiuso",
      "note": ""
    },
    "servizi_disponibili": [
      "Prelievi ematici"
    ]
  },
  {
    "id": "PR_CONS_PARMA",
    "tipologia": "Consultorio",
    "nome": "Consultorio Familiare Parma Centro",
    "provincia": "PR",
    "distretto": "Distretto di Parma",
    "comune": "Parma",
    "indirizzo": "Viale Basetti, 8, Parma PR",
    "contatti": {
      "telefono": "0521 396600",
      "web": "https://www.ausl.pr.it/consultori"
    },
    "orari": {
      "lunedi": "08:30-17:00",
      "martedi": "08:30-17:00",
      "mercoledi": "08:30-17:00",
      "giovedi": "08:30-17:00",
      "venerdi": "08:30-13:30",
      "sabato": "08:30-12:30",
      "domenica": "Chiuso",
      "note": "Spazio Giovani: Lun e Gio pomeriggio."
    },
    "servizi_disponibili": [
      "Ginecologia",
      "Ostetricia",
      "Spazio Giovani"
    ]
  },
  {
    "id": "PR_CONS_FIDENZA",
    "tipologia": "Consultorio",
    "nome": "Consultorio Familiare Fidenza",
    "provincia": "PR",
    "distretto": "Distretto di Fidenza",
    "comune": "Fidenza",
    "indirizzo": "Via Esperanto, 2, Fidenza PR",
    "contatti": {
      "telefono": "0524 515555"
    },
    "orari": {
      "lunedi": "08:30-13:00",
      "martedi": "08:30-13:00",
      "mercoledi": "08:30-13:00",
      "giovedi": "08:30-13:00",
      "venerdi": "08:30-13:00",
      "sabato": "Chiuso",
      "domenica": "Chiuso",
      "note": "Spazio Giovani il Martedì pomeriggio."
    },
    "servizi_disponibili": [
      "Ginecologia",
      "Ostetricia",
      "Spazio Giovani"
    ]
  },
  {
    "id": "PR_CONS_LANGHIRANO",
    "tipologia": "Consultorio",
    "nome": "Consultorio Familiare Langhirano",
    "provincia": "PR",
    "distretto": "Distretto Sud-Est",
    "comune": "Langhirano",
    "indirizzo": "Via Roma, 42, Langhirano PR",
    "contatti": {
      "telefono": "0521 865222"
    },
    "orari": {
      "lunedi": "09:00-13:00",
      "martedi": "09:00-13:00",
      "mercoledi": "09:00-13:00",
      "giovedi": "09:00-13:00",
      "venerdi": "09:00-13:00",
      "sabato": "Chiuso",
      "domenica": "Chiuso",
      "note": "Accesso su appuntamento."
    },
    "servizi_disponibili": [
      "Ginecologia",
      "Ostetricia"
    ]
  },
  {
    "id": "PR_CONS_BORGOTARO",
    "tipologia": "Consultorio",
    "nome": "Consultorio Familiare Borgo Val di Taro",
    "provincia": "PR",
    "distretto": "Distretto Valli Taro e Ceno",
    "comune": "Borgo Val di Taro",
    "indirizzo": "Via Benefattori, 12, Borgo Val di Taro PR",
    "contatti": {
      "telefono": "0525 970305"
    },
    "orari": {
      "lunedi": "09:00-13:00",
      "martedi": "09:00-13:00",
      "mercoledi": "09:00-13:00",
      "giovedi": "09:00-13:00",
      "venerdi": "09:00-13:00",
      "sabato": "Chiuso",
      "domenica": "Chiuso",
      "note": ""
    },
    "servizi_disponibili": [
      "Ginecologia",
      "Ostetricia",
      "Spazio Giovani"
    ]
  },
  {
    "id": "PR_GM_PARMA",
    "tipologia": "Guardia Medica",
    "nome": "Continuità Assistenziale Parma",
    "provincia": "PR",
    "distretto": "Distretto di Parma",
    "comune": "Parma",
    "indirizzo": "Via Rasori, 10, Parma PR",
    "contatti": {
      "telefono": "0521 292555"
    },
    "orari": {
      "lunedi": "20:00-08:00",
      "martedi": "20:00-08:00",
      "mercoledi": "20:00-08:00",
      "giovedi": "20:00-08:00",
      "venerdi": "20:00-08:00",
      "sabato": "H24",
      "domenica": "H24",
      "note": "Servizio di Continuità Assistenziale per la città."
    },
    "servizi_disponibili": [
      "Visite domiciliari",
      "Consulti telefonici",
      "Certificati malattia"
    ]
  }
]