[
  {
    "id": "PC_HUB_SALICETO_PS",
    "tipologia": "Ospedale Hub (Emergenza)",
    "nome": "Pronto Soccorso Generale - Ospedale Guglielmo da Saliceto",
    "provincia": "PC",
    "distretto": "Distretto Città di Piacenza",
    "comune": "Piacenza",
    "frazione": "",
    "indirizzo": "Cantone del Cristo, 2, 29121 Piacenza PC",
    "contatti": {
      "telefono": "0523 301111",
      "web": "https://www.ausl.pc.it"
    },
    "orari": {
      "lunedi": "H24",
      "martedi": "H24",
      "mercoledi": "H24",
      "giovedi": "H24",
      "venerdi": "H24",
      "sabato": "H24",
      "domenica": "H24",
      "note": "HUB DEA I LIVELLO. Trauma Center Provinciale. Accesso codici Rossi/Arancioni."
    },
    "servizi_disponibili": [
      "Pronto Soccorso Generale",
      "Rianimazione",
      "Cardiologia con UTIC",
      "Neurologia",
      "Chirurgia d'Urgenza"
    ]
  },
  {
    "id": "PC_HUB_SALICETO_PED",
    "tipologia": "Pronto Soccorso Specialistico",
    "nome": "Pronto Soccorso Pediatrico - Ospedale da Saliceto",
    "provincia": "PC",
    "distretto": "Distretto Città di Piacenza",
    "comune": "Piacenza",
    "indirizzo": "Cantone del Cristo, 2, 29121 Piacenza PC (Polichirurgico)",
    "contatti": {
      "telefono": "0523 301111"
    },
    "orari": {
      "lunedi": "H24",
      "martedi": "H24",
      "mercoledi": "H24",
      "giovedi": "H24",
      "venerdi": "H24",
      "sabato": "H24",
      "domenica": "H24",
      "note": "Accesso diretto pediatrico (0-14 anni)."
    },
    "servizi_disponibili": [
      "Pediatria d'urgenza",
      "Osservazione pediatrica"
    ]
  },
  {
    "id": "PC_HUB_SALICETO_OST",
    "tipologia": "Pronto Soccorso Specialistico",
    "nome": "Pronto Soccorso Ostetrico-Ginecologico Piacenza",
    "provincia": "PC",
    "distretto": "Distretto Città di Piacenza",
    "comune": "Piacenza",
    "indirizzo": "Cantone del Cristo, 2, 29121 Piacenza PC",
    "contatti": {
      "telefono": "0523 301111"
    },
    "orari": {
      "lunedi": "H24",
      "martedi": "H24",
      "mercoledi": "H24",
      "giovedi": "H24",
      "venerdi": "H24",
      "sabato": "H24",
      "domenica": "H24",
      "note": "Accesso diretto gravide."
    },
    "servizi_disponibili": [
      "Sala Parto",
      "Ginecologia d'urgenza"
    ]
  },
  {
    "id": "PC_CAU_PIACENZA",
    "tipologia": "CAU - Centro Assistenza Urgenza",
    "nome": "CAU Piacenza Città",
    "provincia": "PC",
    "distretto": "Distretto Città di Piacenza",
    "comune": "Piacenza",
    "indirizzo": "Cantone del Cristo, 40, 29121 Piacenza PC (Edificio 8A)",
    "contatti": {
      "telefono": "0523 301111",
      "web": "https://www.ausl.pc.it/cau"
    },
    "orari": {
      "lunedi": "H24",
      "martedi": "H24",
      "mercoledi": "H24",
      "giovedi": "H24",
      "venerdi": "H24",
      "sabato": "H24",
      "domenica": "H24",
      "note": "Accesso diretto H24 per codici bianchi e verdi. Situato nel complesso ospedaliero ma edificio separato."
    },
    "servizi_disponibili": [
      "Medicina di base urgente",
      "Medicazioni",
      "Piccola traumatologia",
      "Terapia iniettiva"
    ]
  },
  {
    "id": "PC_CDC_PIAZZALE_MILANO",
    "tipologia": "Casa della Comunità",
    "nome": "Casa della Comunità Piacenza - Piazzale Milano",
    "provincia": "PC",
    "distretto": "Distretto Città di Piacenza",
    "comune": "Piacenza",
    "indirizzo": "Piazzale Milano, 2, 29121 Piacenza PC",
    "contatti": {
      "telefono": "0523 317111"
    },
    "orari": {
      "lunedi": "07:30-18:30",
      "martedi": "07:30-18:30",
      "mercoledi": "07:30-18:30",
      "giovedi": "07:30-18:30",
      "venerdi": "07:30-18:30",
      "sabato": "07:30-12:30",
      "domenica": "Chiuso",
      "note": "Hub territoriale principale."
    },
    "servizi_disponibili": [
      "Punto Prelievi",
      "CUP",
      "Specialistica Ambulatoriale",
      "Odontoiatria",
      "Igiene Pubblica"
    ]
  },
  {
    "id": "PC_PRELIEVI_PIAZZALE_MILANO",
    "tipologia": "Punto Prelievi",
    "nome": "Punto Prelievi Piazzale Milano",
    "provincia": "PC",
    "distretto": "Distretto Città di Piacenza",
    "comune": "Piacenza",
    "indirizzo": "Piazzale Milano, 2, Piacenza PC",
    "contatti": {
      "telefono": "0523 317111"
    },
    "orari": {
      "lunedi": "07:30-10:00",
      "martedi": "07:30-10:00",
      "mercoledi": "07:30-10:00",
      "giovedi": "07:30-10:00",
      "venerdi": "07:30-10:00",
      "sabato": "07:30-10:00",
      "domenica": "Chiuso",
      "note": "Accesso su prenotazione."
    },
    "servizi_disponibili": [
      "Prelievi ematici",
      "Consegna campioni"
    ]
  },
  {
    "id": "PC_CDC_FARNESIANA",
    "tipologia": "Casa della Comunità",
    "nome": "Casa della Comunità Piacenza - Farnesiana",
    "provincia": "PC",
    "distretto": "Distretto Città di Piacenza",
    "comune": "Piacenza",
    "indirizzo": "Via Marinai d'Italia, 29122 Piacenza PC",
    "contatti": {
      "telefono": "0523 301111"
    },
    "orari": {
      "lunedi": "08:00-18:00",
      "martedi": "08:00-18:00",
      "mercoledi": "08:00-18:00",
      "giovedi": "08:00-18:00",
      "venerdi": "08:00-18:00",
      "sabato": "Chiuso",
      "domenica": "Chiuso",
      "note": "Polo territoriale Est."
    },
    "servizi_disponibili": [
      "Punto Prelievi",
      "Medicina di Gruppo",
      "Assistenza Domiciliare"
    ]
  },
  {
    "id": "PC_CDC_BELVEDERE",
    "tipologia": "Casa della Comunità",
    "nome": "Casa della Comunità Piacenza - Belvedere",
    "provincia": "PC",
    "distretto": "Distretto Città di Piacenza",
    "comune": "Piacenza",
    "indirizzo": "Via Belvedere, 29122 Piacenza PC",
    "contatti": {
      "telefono": "0523 301111"
    },
    "orari": {
      "lunedi": "08:00-13:00",
      "martedi": "08:00-13:00",
      "mercoledi": "08:00-13:00",
      "giovedi": "08:00-13:00",
      "venerdi": "08:00-13:00",
      "sabato": "Chiuso",
      "domenica": "Chiuso",
      "note": ""
    },
    "servizi_disponibili": [
      "Punto Prelievi",
      "Consultorio"
    ]
  },
  {
    "id": "PC_CONS_PIACENZA",
    "tipologia": "Consultorio",
    "nome": "Consultorio Familiare Piacenza",
    "provincia": "PC",
    "distretto": "Distretto Città di Piacenza",
    "comune": "Piacenza",
    "indirizzo": "Piazzale Milano, 2, Piacenza PC",
    "contatti": {
      "telefono": "0523 317930"
    },
    "orari": {
      "lunedi": "08:30-17:00",
      "martedi": "08:30-17:00",
      "mercoledi": "08:30-17:00",
      "giovedi": "08:30-17:00",
      "venerdi": "08:30-13:30",
      "sabato": "08:30-12:30",
      "domenica": "Chiuso",
      "note": "Spazio Giovani Lunedì pomeriggio e Mercoledì pomeriggio."
    },
    "servizi_disponibili": [
      "Ginecologia",
      "Ostetricia",
      "Spazio Giovani",
      "Contraccezione gratuita"
    ]
  },
  {
    "id": "PC_OSP_CSG_PS",
    "tipologia": "Ospedale Spoke (Emergenza)",
    "nome": "Pronto Soccorso - Ospedale di Castel San Giovanni",
    "provincia": "PC",
    "distretto": "Distretto di Ponente",
    "comune": "Castel San Giovanni",
    "indirizzo": "Viale 2 Giugno, 2, 29015 Castel San Giovanni PC",
    "contatti": {
      "telefono": "0523 880111",
      "web": "https://www.ausl.pc.it"
    },
    "orari": {
      "lunedi": "H24",
      "martedi": "H24",
      "mercoledi": "H24",
      "giovedi": "H24",
      "venerdi": "H24",
      "sabato": "H24",
      "domenica": "H24",
      "note": "Riferimento per la Val Tidone."
    },
    "servizi_disponibili": [
      "Pronto Soccorso",
      "Cardiologia",
      "Ortopedia",
      "Chirurgia"
    ]
  },
  {
    "id": "PC_CDC_BORGONOVO",
    "tipologia": "Casa della Comunità",
    "nome": "Casa della Comunità Val Tidone - Borgonovo",
    "provincia": "PC",
    "distretto": "Distretto di Ponente",
    "comune": "Borgonovo Val Tidone",
    "indirizzo": "Via Seminò, 20, 29011 Borgonovo Val Tidone PC",
    "contatti": {
      "telefono": "0523 868111"
    },
    "orari": {
      "lunedi": "07:30-18:00",
      "martedi": "07:30-18:00",
      "mercoledi": "07:30-18:00",
      "giovedi": "07:30-18:00",
      "venerdi": "07:30-18:00",
      "sabato": "07:30-12:30",
      "domenica": "Chiuso",
      "note": "Ex Ospedale riconvertito. Sede Hospice."
    },
    "servizi_disponibili": [
      "Punto Prelievi",
      "Hospice",
      "Poliambulatorio Specialistico",
      "CUP"
    ]
  },
  {
    "id": "PC_PRELIEVI_BORGONOVO",
    "tipologia": "Punto Prelievi",
    "nome": "Punto Prelievi Borgonovo Val Tidone",
    "provincia": "PC",
    "distretto": "Distretto di Ponente",
    "comune": "Borgonovo Val Tidone",
    "indirizzo": "Via Seminò, 20, Borgonovo Val Tidone PC",
    "contatti": {
      "telefono": "0523 868111"
    },
    "orari": {
      "lunedi": "07:30-10:00",
      "martedi": "07:30-10:00",
      "mercoledi": "07:30-10:00",
      "giovedi": "07:30-10:00",
      "venerdi": "07:30-10:00",
      "sabato": "07:30-10:00",
      "domenica": "Chiuso",
      "note": ""
    },
    "servizi_disponibili": [
      "Prelievi ematici"
    ]
  },
  {
    "id": "PC_HOSPICE_BORGONOVO",
    "tipologia": "Hospice",
    "nome": "Hospice di Borgonovo Val Tidone",
    "provincia": "PC",
    "distretto": "Distretto di Ponente",
    "comune": "Borgonovo Val Tidone",
    "indirizzo": "Via Seminò, 20, Borgonovo Val Tidone PC",
    "contatti": {
      "telefono": "0523 868111"
    },
    "orari": {
      "lunedi": "H24",
      "martedi": "H24",
      "mercoledi": "H24",
      "giovedi": "H24",
      "venerdi": "H24",
      "sabato": "H24",
      "domenica": "H24",
      "note": "Cure palliative residenziali."
    },
    "servizi_disponibili": [
      "Cure Palliative"
    ]
  },
  {
    "id": "PC_CDC_SAN_NICOLO",
    "tipologia": "Casa della Comunità",
    "nome": "Casa della Comunità San Nicolò (Rottofreno)",
    "provincia": "PC",
    "distretto": "Distretto di Ponente",
    "comune": "Rottofreno",
    "frazione": "San Nicolò",
    "indirizzo": "Via Alicata, 30, 29010 San Nicolò PC",
    "contatti": {
      "telefono": "0523 761111"
    },
    "orari": {
      "lunedi": "08:00-18:00",
      "martedi": "08:00-18:00",
      "mercoledi": "08:00-18:00",
      "giovedi": "08:00-18:00",
      "venerdi": "08:00-18:00",
      "sabato": "08:00-12:00",
      "domenica": "Chiuso",
      "note": "Presidio per la bassa Val Tidone."
    },
    "servizi_disponibili": [
      "Punto Prelievi",
      "Consultorio",
      "Pediatria"
    ]
  },
  {
    "id": "PC_PRELIEVI_SAN_NICOLO",
    "tipologia": "Punto Prelievi",
    "nome": "Punto Prelievi San Nicolò",
    "provincia": "PC",
    "distretto": "Distretto di Ponente",
    "comune": "Rottofreno",
    "indirizzo": "Via Alicata, 30, San Nicolò PC",
    "contatti": {
      "telefono": "0523 761111"
    },
    "orari": {
      "lunedi": "Chiuso",
      "martedi": "08:00-10:00",
      "mercoledi": "08:00-10:00",
      "giovedi": "08:00-10:00",
      "venerdi": "08:00-10:00",
      "sabato": "08:00-10:00",
      "domenica": "Chiuso",
      "note": "Apertura Mar-Sab."
    },
    "servizi_disponibili": [
      "Prelievi ematici"
    ]
  },
  {
    "id": "PC_CDC_PIANELLO",
    "tipologia": "Casa della Comunità",
    "nome": "Casa della Comunità Pianello Val Tidone",
    "provincia": "PC",
    "distretto": "Distretto di Ponente",
    "comune": "Pianello Val Tidone",
    "indirizzo": "Piazza Umberto I, 29010 Pianello Val Tidone PC",
    "contatti": {
      "telefono": "0523 998111"
    },
    "orari": {
      "lunedi": "08:00-13:00",
      "martedi": "08:00-13:00",
      "mercoledi": "08:00-13:00",
      "giovedi": "08:00-13:00",
      "venerdi": "08:00-13:00",
      "sabato": "Chiuso",
      "domenica": "Chiuso",
      "note": ""
    },
    "servizi_disponibili": [
      "Punto Prelievi",
      "Guardia Medica"
    ]
  },
  {
    "id": "PC_PRELIEVI_PIANELLO",
    "tipologia": "Punto Prelievi",
    "nome": "Punto Prelievi Pianello Val Tidone",
    "provincia": "PC",
    "distretto": "Distretto di Ponente",
    "comune": "Pianello Val Tidone",
    "indirizzo": "Piazza Umberto I, Pianello Val Tidone PC",
    "contatti": {
      "telefono": "0523 998111"
    },
    "orari": {
      "lunedi": "Chiuso",
      "martedi": "Chiuso",
      "mercoledi": "08:00-09:00",
      "giovedi": "Chiuso",
      "venerdi": "Chiuso",
      "sabato": "Chiuso",
      "domenica": "Chiuso",
      "note": "ATTENZIONE: Aperto SOLO Mercoledì."
    },
    "servizi_disponibili": [
      "Prelievi ematici"
    ]
  },
  {
    "id": "PC_CDC_AGAZZANO",
    "tipologia": "Casa della Comunità",
    "nome": "Casa della Comunità Agazzano",
    "provincia": "PC",
    "distretto": "Distretto di Ponente",
    "comune": "Agazzano",
    "indirizzo": "Via Roma, 29010 Agazzano PC",
    "contatti": {
      "telefono": "0523 975111"
    },
    "orari": {
      "lunedi": "08:00-12:00",
      "martedi": "08:00-12:00",
      "mercoledi": "08:00-12:00",
      "giovedi": "08:00-12:00",
      "venerdi": "08:00-12:00",
      "sabato": "Chiuso",
      "domenica": "Chiuso",
      "note": ""
    },
    "servizi_disponibili": [
      "Punto Prelievi"
    ]
  },
  {
    "id": "PC_PRELIEVI_AGAZZANO",
    "tipologia": "Punto Prelievi",
    "nome": "Punto Prelievi Agazzano",
    "provincia": "PC",
    "distretto": "Distretto di Ponente",
    "comune": "Agazzano",
    "indirizzo": "Via Roma, Agazzano PC",
    "contatti": {
      "telefono": "0523 975111"
    },
    "orari": {
      "lunedi": "08:00-09:00",
      "martedi": "Chiuso",
      "mercoledi": "Chiuso",
      "giovedi": "Chiuso",
      "venerdi": "Chiuso",
      "sabato": "Chiuso",
      "domenica": "Chiuso",
      "note": "ATTENZIONE: Aperto SOLO Lunedì."
    },
    "servizi_disponibili": [
      "Prelievi ematici"
    ]
  },
  {
    "id": "PC_CDC_SARMATO",
    "tipologia": "Casa della Comunità",
    "nome": "Casa della Comunità Sarmato",
    "provincia": "PC",
    "distretto": "Distretto di Ponente",
    "comune": "Sarmato",
    "indirizzo": "Viale Resistenza, 29010 Sarmato PC",
    "contatti": {
      "telefono": "0523 887111"
    },
    "orari": {
      "lunedi": "Chiuso",
      "martedi": "Chiuso",
      "mercoledi": "Chiuso",
      "giovedi": "07:30-09:30",
      "venerdi": "Chiuso",
      "sabato": "Chiuso",
      "domenica": "Chiuso",
      "note": "Micro-nodo."
    },
    "servizi_disponibili": [
      "Punto Prelievi"
    ]
  },
  {
    "id": "PC_PRELIEVI_SARMATO",
    "tipologia": "Punto Prelievi",
    "nome": "Punto Prelievi Sarmato",
    "provincia": "PC",
    "distretto": "Distretto di Ponente",
    "comune": "Sarmato",
    "indirizzo": "Viale Resistenza, Sarmato PC",
    "contatti": {
      "telefono": "0523 887111"
    },
    "orari": {
      "lunedi": "Chiuso",
      "martedi": "Chiuso",
      "mercoledi": "Chiuso",
      "giovedi": "07:30-09:30",
      "venerdi": "Chiuso",
      "sabato": "Chiuso",
      "domenica": "Chiuso",
      "note": "ATTENZIONE: Aperto SOLO Giovedì."
    },
    "servizi_disponibili": [
      "Prelievi ematici"
    ]
  },
  {
    "id": "PC_OSP_FIORENZUOLA_PS",
    "tipologia": "Ospedale Spoke (Emergenza)",
    "nome": "Pronto Soccorso - Ospedale di Fiorenzuola d'Arda",
    "provincia": "PC",
    "distretto": "Distretto di Levante",
    "comune": "Fiorenzuola d'Arda",
    "indirizzo": "Via Roma, 29, 29017 Fiorenzuola d'Arda PC",
    "contatti": {
      "telefono": "0523 989111",
      "web": "https://www.ausl.pc.it"
    },
    "orari": {
      "lunedi": "H24",
      "martedi": "H24",
      "mercoledi": "H24",
      "giovedi": "H24",
      "venerdi": "H24",
      "sabato": "H24",
      "domenica": "H24",
      "note": "Riferimento Val d'Arda."
    },
    "servizi_disponibili": [
      "Pronto Soccorso",
      "Rianimazione",
      "Medicina",
      "Chirurgia",
      "Riabilitazione"
    ]
  },
  {
    "id": "PC_CDC_FIORENZUOLA",
    "tipologia": "Casa della Comunità",
    "nome": "Casa della Comunità Fiorenzuola (Ex Macello)",
    "provincia": "PC",
    "distretto": "Distretto di Levante",
    "comune": "Fiorenzuola d'Arda",
    "indirizzo": "Largo Gabrielli, 29017 Fiorenzuola d'Arda PC",
    "contatti": {
      "telefono": "0523 989111"
    },
    "orari": {
      "lunedi": "07:30-18:00",
      "martedi": "07:30-18:00",
      "mercoledi": "07:30-18:00",
      "giovedi": "07:30-18:00",
      "venerdi": "07:30-18:00",
      "sabato": "07:30-12:30",
      "domenica": "Chiuso",
      "note": "Nuova sede territoriale."
    },
    "servizi_disponibili": [
      "Punto Prelievi",
      "CUP",
      "Specialistica"
    ]
  },
  {
    "id": "PC_PRELIEVI_FIORENZUOLA",
    "tipologia": "Punto Prelievi",
    "nome": "Punto Prelievi Fiorenzuola",
    "provincia": "PC",
    "distretto": "Distretto di Levante",
    "comune": "Fiorenzuola d'Arda",
    "indirizzo": "Largo Gabrielli, Fiorenzuola PC",
    "contatti": {
      "telefono": "0523 989111"
    },
    "orari": {
      "lunedi": "07:30-09:30",
      "martedi": "07:30-09:30",
      "mercoledi": "07:30-09:30",
      "giovedi": "07:30-09:30",
      "venerdi": "07:30-09:30",
      "sabato": "07:30-09:30",
      "domenica": "Chiuso",
      "note": ""
    },
    "servizi_disponibili": [
      "Prelievi ematici"
    ]
  },
  {
    "id": "PC_OSP_BOBBIO_PS",
    "tipologia": "Ospedale di Montagna (Emergenza)",
    "nome": "Pronto Soccorso - Ospedale di Bobbio",
    "provincia": "PC",
    "distretto": "Distretto di Levante",
    "comune": "Bobbio",
    "indirizzo": "Via Garibaldi, 3, 29022 Bobbio PC",
    "contatti": {
      "telefono": "0523 962111"
    },
    "orari": {
      "lunedi": "H24",
      "martedi": "H24",
      "mercoledi": "H24",
      "giovedi": "H24",
      "venerdi": "H24",
      "sabato": "H24",
      "domenica": "H24",
      "note": "Ospedale di area disagiata. PPI attivo."
    },
    "servizi_disponibili": [
      "Primo Intervento",
      "Medicina Interna",
      "Radiologia"
    ]
  },
  {
    "id": "PC_CAU_BOBBIO",
    "tipologia": "CAU - Centro Assistenza Urgenza",
    "nome": "CAU Bobbio",
    "provincia": "PC",
    "distretto": "Distretto di Levante",
    "comune": "Bobbio",
    "indirizzo": "Via Garibaldi, 3, 29022 Bobbio PC",
    "contatti": {
      "telefono": "0523 962111"
    },
    "orari": {
      "lunedi": "08:00-20:00",
      "martedi": "08:00-20:00",
      "mercoledi": "08:00-20:00",
      "giovedi": "08:00-20:00",
      "venerdi": "08:00-20:00",
      "sabato": "08:00-20:00",
      "domenica": "08:00-20:00",
      "note": "Presso l'Ospedale."
    },
    "servizi_disponibili": [
      "Medicina di base urgente"
    ]
  },
  {
    "id": "PC_PRELIEVI_BOBBIO",
    "tipologia": "Punto Prelievi",
    "nome": "Punto Prelievi Bobbio",
    "provincia": "PC",
    "distretto": "Distretto di Levante",
    "comune": "Bobbio",
    "indirizzo": "Via Garibaldi, 3, Bobbio PC",
    "contatti": {
      "telefono": "0523 962111"
    },
    "orari": {
      "lunedi": "07:30-09:30",
      "martedi": "07:30-09:30",
      "mercoledi": "07:30-09:30",
      "giovedi": "07:30-09:30",
      "venerdi": "07:30-09:30",
      "sabato": "Chiuso",
      "domenica": "Chiuso",
      "note": ""
    },
    "servizi_disponibili": [
      "Prelievi ematici"
    ]
  },
  {
    "id": "PC_CDC_CORTEMAGGIORE",
    "tipologia": "Casa della Comunità",
    "nome": "Casa della Comunità Cortemaggiore",
    "provincia": "PC",
    "distretto": "Distretto di Levante",
    "comune": "Cortemaggiore",
    "indirizzo": "Via Libertà, 29016 Cortemaggiore PC",
    "contatti": {
      "telefono": "0523 832111"
    },
    "orari": {
      "lunedi": "07:30-13:30",
      "martedi": "07:30-13:30",
      "mercoledi": "07:30-13:30",
      "giovedi": "07:30-13:30",
      "venerdi": "07:30-13:30",
      "sabato": "07:30-12:00",
      "domenica": "Chiuso",
      "note": ""
    },
    "servizi_disponibili": [
      "Punto Prelievi",
      "Consultorio",
      "Pediatria"
    ]
  },
  {
    "id": "PC_PRELIEVI_CORTEMAGGIORE",
    "tipologia": "Punto Prelievi",
    "nome": "Punto Prelievi Cortemaggiore",
    "provincia": "PC",
    "distretto": "Distretto di Levante",
    "comune": "Cortemaggiore",
    "indirizzo": "Via Libertà, Cortemaggiore PC",
    "contatti": {
      "telefono": "0523 832111"
    },
    "orari": {
      "lunedi": "07:30-09:30",
      "martedi": "07:30-09:30",
      "mercoledi": "07:30-09:30",
      "giovedi": "07:30-09:30",
      "venerdi": "07:30-09:30",
      "sabato": "07:30-09:30",
      "domenica": "Chiuso",
      "note": ""
    },
    "servizi_disponibili": [
      "Prelievi ematici"
    ]
  },
  {
    "id": "PC_CDC_MONTICELLI",
    "tipologia": "Casa della Comunità",
    "nome": "Casa della Comunità Monticelli d'Ongina",
    "provincia": "PC",
    "distretto": "Distretto di Levante",
    "comune": "Monticelli d'Ongina",
    "indirizzo": "Viale Marconi, 29010 Monticelli d'Ongina PC",
    "contatti": {
      "telefono": "0523 822111"
    },
    "orari": {
      "lunedi": "08:00-13:00",
      "martedi": "08:00-13:00",
      "mercoledi": "08:00-13:00",
      "giovedi": "08:00-13:00",
      "venerdi": "08:00-13:00",
      "sabato": "Chiuso",
      "domenica": "Chiuso",
      "note": ""
    },
    "servizi_disponibili": [
      "Punto Prelievi"
    ]
  },
  {
    "id": "PC_PRELIEVI_MONTICELLI",
    "tipologia": "Punto Prelievi",
    "nome": "Punto Prelievi Monticelli",
    "provincia": "PC",
    "distretto": "Distretto di Levante",
    "comune": "Monticelli d'Ongina",
    "indirizzo": "Viale Marconi, Monticelli d'Ongina PC",
    "contatti": {
      "telefono": "0523 822111"
    },
    "orari": {
      "lunedi": "07:30-09:30",
      "martedi": "07:30-09:30",
      "mercoledi": "07:30-09:30",
      "giovedi": "07:30-09:30",
      "venerdi": "07:30-09:30",
      "sabato": "Chiuso",
      "domenica": "Chiuso",
      "note": ""
    },
    "servizi_disponibili": [
      "Prelievi ematici"
    ]
  },
  {
    "id": "PC_CDC_PODENZANO",
    "tipologia": "Casa della Comunità",
    "nome": "Casa della Comunità Podenzano",
    "provincia": "PC",
    "distretto": "Distretto di Levante",
    "comune": "Podenzano",
    "indirizzo": "Via Dante Alighieri, 29027 Podenzano PC",
    "contatti": {
      "telefono": "0523 551111"
    },
    "orari": {
      "lunedi": "08:00-18:00",
      "martedi": "08:00-18:00",
      "mercoledi": "08:00-18:00",
      "giovedi": "08:00-18:00",
      "venerdi": "08:00-18:00",
      "sabato": "08:00-12:00",
      "domenica": "Chiuso",
      "note": "Presidio Val Nure."
    },
    "servizi_disponibili": [
      "Punto Prelievi",
      "CAU (in fase di attivazione/verifica)",
      "Specialistica"
    ]
  },
  {
    "id": "PC_PRELIEVI_PODENZANO",
    "tipologia": "Punto Prelievi",
    "nome": "Punto Prelievi Podenzano",
    "provincia": "PC",
    "distretto": "Distretto di Levante",
    "comune": "Podenzano",
    "indirizzo": "Via Dante Alighieri, Podenzano PC",
    "contatti": {
      "telefono": "0523 551111"
    },
    "orari": {
      "lunedi": "07:30-09:30",
      "martedi": "07:30-09:30",
      "mercoledi": "07:30-09:30",
      "giovedi": "07:30-09:30",
      "venerdi": "07:30-09:30",
      "sabato": "07:30-09:30",
      "domenica": "Chiuso",
      "note": ""
    },
    "servizi_disponibili": [
      "Prelievi ematici"
    ]
  },
  {
    "id": "PC_CDC_BETTOLA",
    "tipologia": "Casa della Comunità",
    "nome": "Casa della Comunità Bettola",
    "provincia": "PC",
    "distretto": "Distretto di Levante",
    "comune": "Bettola",
    "indirizzo": "Viale Vittoria, 29021 Bettola PC",
    "contatti": {
      "telefono": "0523 911111"
    },
    "orari": {
      "lunedi": "08:00-13:00",
      "martedi": "08:00-13:00",
      "mercoledi": "08:00-13:00",
      "giovedi": "08:00-13:00",
      "venerdi": "08:00-13:00",
      "sabato": "Chiuso",
      "domenica": "Chiuso",
      "note": "Media Val Nure."
    },
    "servizi_disponibili": [
      "Punto Prelievi",
      "Guardia Medica"
    ]
  },
  {
    "id": "PC_PRELIEVI_BETTOLA",
    "tipologia": "Punto Prelievi",
    "nome": "Punto Prelievi Bettola",
    "provincia": "PC",
    "distretto": "Distretto di Levante",
    "comune": "Bettola",
    "indirizzo": "Viale Vittoria, Bettola PC",
    "contatti": {
      "telefono": "0523 911111"
    },
    "orari": {
      "lunedi": "08:00-09:30",
      "martedi": "08:00-09:30",
      "mercoledi": "08:00-09:30",
      "giovedi": "08:00-09:30",
      "venerdi": "08:00-09:30",
      "sabato": "Chiuso",
      "domenica": "Chiuso",
      "note": ""
    },
    "servizi_disponibili": [
      "Prelievi ematici"
    ]
  },
  {
    "id": "PC_CDC_PONTE_OLIO",
    "tipologia": "Casa della Comunità",
    "nome": "Casa della Comunità Ponte dell'Olio",
    "provincia": "PC",
    "distretto": "Distretto di Levante",
    "comune": "Ponte dell'Olio",
    "indirizzo": "Via Vittorio Veneto, 29028 Ponte dell'Olio PC",
    "contatti": {
      "telefono": "0523 877111"
    },
    "orari": {
      "lunedi": "08:00-13:00",
      "martedi": "08:00-13:00",
      "mercoledi": "08:00-13:00",
      "giovedi": "08:00-13:00",
      "venerdi": "08:00-13:00",
      "sabato": "Chiuso",
      "domenica": "Chiuso",
      "note": ""
    },
    "servizi_disponibili": [
      "Punto Prelievi"
    ]
  },
  {
    "id": "PC_PRELIEVI_PONTE_OLIO",
    "tipologia": "Punto Prelievi",
    "nome": "Punto Prelievi Ponte dell'Olio",
    "provincia": "PC",
    "distretto": "Distretto di Levante",
    "comune": "Ponte dell'Olio",
    "indirizzo": "Via Vittorio Veneto, Ponte dell'Olio PC",
    "contatti": {
      "telefono": "0523 877111"
    },
    "orari": {
      "lunedi": "07:30-09:30",
      "martedi": "07:30-09:30",
      "mercoledi": "07:30-09:30",
      "giovedi": "07:30-09:30",
      "venerdi": "07:30-09:30",
      "sabato": "Chiuso",
      "domenica": "Chiuso",
      "note": ""
    },
    "servizi_disponibili": [
      "Prelievi ematici"
    ]
  },
  {
    "id": "PC_CDC_RIVERGARO",
    "tipologia": "Casa della Comunità",
    "nome": "Casa della Comunità Rivergaro",
    "provincia": "PC",
    "distretto": "Distretto di Levante",
    "comune": "Rivergaro",
    "indirizzo": "Via Bonistalli, 29029 Rivergaro PC",
    "contatti": {
      "telefono": "0523 952111"
    },
    "orari": {
      "lunedi": "08:00-13:00",
      "martedi": "08:00-13:00",
      "mercoledi": "08:00-13:00",
      "giovedi": "08:00-13:00",
      "venerdi": "08:00-13:00",
      "sabato": "Chiuso",
      "domenica": "Chiuso",
      "note": "Bassa Val Trebbia."
    },
    "servizi_disponibili": [
      "Punto Prelievi"
    ]
  },
  {
    "id": "PC_PRELIEVI_RIVERGARO",
    "tipologia": "Punto Prelievi",
    "nome": "Punto Prelievi Rivergaro",
    "provincia": "PC",
    "distretto": "Distretto di Levante",
    "comune": "Rivergaro",
    "indirizzo": "Via Bonistalli, Rivergaro PC",
    "contatti": {
      "telefono": "0523 952111"
    },
    "orari": {
      "lunedi": "07:30-09:30",
      "martedi": "07:30-09:30",
      "mercoledi": "07:30-09:30",
      "giovedi": "07:30-09:30",
      "venerdi": "07:30-09:30",
      "sabato": "Chiuso",
      "domenica": "Chiuso",
      "note": ""
    },
    "servizi_disponibili": [
      "Prelievi ematici"
    ]
  },
  {
    "id": "PC_PRELIEVI_GOSSOLENGO",
    "tipologia": "Punto Prelievi",
    "nome": "Punto Prelievi Gossolengo",
    "provincia": "PC",
    "distretto": "Distretto di Levante",
    "comune": "Gossolengo",
    "indirizzo": "Piazza Roma, 29020 Gossolengo PC",
    "contatti": {
      "telefono": "N/A"
    },
    "orari": {
      "lunedi": "Chiuso",
      "martedi": "07:30-09:00",
      "mercoledi": "Chiuso",
      "giovedi": "07:30-09:00",
      "venerdi": "Chiuso",
      "sabato": "Chiuso",
      "domenica": "Chiuso",
      "note": "Aperto Mar e Gio."
    },
    "servizi_disponibili": [
      "Prelievi ematici"
    ]
  },
  {
    "id": "PC_CDC_LUGAGNANO",
    "tipologia": "Casa della Comunità",
    "nome": "Casa della Comunità Lugagnano Val d'Arda",
    "provincia": "PC",
    "distretto": "Distretto di Levante",
    "comune": "Lugagnano Val d'Arda",
    "indirizzo": "Via Bersani, 29018 Lugagnano PC",
    "contatti": {
      "telefono": "0523 891111"
    },
    "orari": {
      "lunedi": "08:00-13:00",
      "martedi": "08:00-13:00",
      "mercoledi": "08:00-13:00",
      "giovedi": "08:00-13:00",
      "venerdi": "08:00-13:00",
      "sabato": "Chiuso",
      "domenica": "Chiuso",
      "note": "Media Val d'Arda."
    },
    "servizi_disponibili": [
      "Punto Prelievi",
      "Pediatria"
    ]
  },
  {
    "id": "PC_PRELIEVI_LUGAGNANO",
    "tipologia": "Punto Prelievi",
    "nome": "Punto Prelievi Lugagnano",
    "provincia": "PC",
    "distretto": "Distretto di Levante",
    "comune": "Lugagnano Val d'Arda",
    "indirizzo": "Via Bersani, Lugagnano PC",
    "contatti": {
      "telefono": "0523 891111"
    },
    "orari": {
      "lunedi": "07:30-09:30",
      "martedi": "07:30-09:30",
      "mercoledi": "07:30-09:30",
      "giovedi": "07:30-09:30",
      "venerdi": "07:30-09:30",
      "sabato": "Chiuso",
      "domenica": "Chiuso",
      "note": ""
    },
    "servizi_disponibili": [
      "Prelievi ematici"
    ]
  },
  {
    "id": "PC_CDC_CARPANETO",
    "tipologia": "Casa della Comunità",
    "nome": "Casa della Comunità Carpaneto Piacentino",
    "provincia": "PC",
    "distretto": "Distretto di Levante",
    "comune": "Carpaneto Piacentino",
    "indirizzo": "Via G. Rossi, 29013 Carpaneto PC",
    "contatti": {
      "telefono": "0523 852111"
    },
    "orari": {
      "lunedi": "08:00-13:00",
      "martedi": "08:00-13:00",
      "mercoledi": "08:00-13:00",
      "giovedi": "08:00-13:00",
      "venerdi": "08:00-13:00",
      "sabato": "Chiuso",
      "domenica": "Chiuso",
      "note": ""
    },
    "servizi_disponibili": [
      "Punto Prelievi"
    ]
  },
  {
    "id": "PC_PRELIEVI_CARPANETO",
    "tipologia": "Punto Prelievi",
    "nome": "Punto Prelievi Carpaneto",
    "provincia": "PC",
    "distretto": "Distretto di Levante",
    "comune": "Carpaneto Piacentino",
    "indirizzo": "Via G. Rossi, Carpaneto PC",
    "contatti": {
      "telefono": "0523 852111"
    },
    "orari": {
      "lunedi": "07:30-09:30",
      "martedi": "07:30-09:30",
      "mercoledi": "07:30-09:30",
      "giovedi": "07:30-09:30",
      "venerdi": "07:30-09:30",
      "sabato": "Chiuso",
      "domenica": "Chiuso",
      "note": ""
    },
    "servizi_disponibili": [
      "Prelievi ematici"
    ]
  },
  {
    "id": "PC_PRELIEVI_OTTONE",
    "tipologia": "Punto Prelievi",
    "nome": "Punto Prelievi Ottone",
    "provincia": "PC",
    "distretto": "Distretto di Levante",
    "comune": "Ottone",
    "indirizzo": "Piazza della Vittoria, 29026 Ottone PC",
    "contatti": {
      "telefono": "N/A"
    },
    "orari": {
      "lunedi": "Chiuso",
      "martedi": "08:00-09:30",
      "mercoledi": "Chiuso",
      "giovedi": "Chiuso",
      "venerdi": "Chiuso",
      "sabato": "Chiuso",
      "domenica": "Chiuso",
      "note": "ATTENZIONE: Micro-nodo montano. Aperto SOLO Martedì."
    },
    "servizi_disponibili": [
      "Prelievi ematici"
    ]
  },
  {
    "id": "PC_PRELIEVI_FERRIERE",
    "tipologia": "Punto Prelievi",
    "nome": "Punto Prelievi Ferriere",
    "provincia": "PC",
    "distretto": "Distretto di Levante",
    "comune": "Ferriere",
    "indirizzo": "Via Roma, 29024 Ferriere PC",
    "contatti": {
      "telefono": "N/A"
    },
    "orari": {
      "lunedi": "Chiuso",
      "martedi": "Chiuso",
      "mercoledi": "08:00-09:30",
      "giovedi": "Chiuso",
      "venerdi": "Chiuso",
      "sabato": "Chiuso",
      "domenica": "Chiuso",
      "note": "ATTENZIONE: Micro-nodo montano. Aperto SOLO Mercoledì."
    },
    "servizi_disponibili": [
      "Prelievi ematici"
    ]
  },
  {
    "id": "PC_HOSPICE_CASA_IRIS",
    "tipologia": "Hospice",
    "nome": "Hospice Casa di Iris Piacenza",
    "provincia": "PC",
    "distretto": "Distretto Città di Piacenza",
    "comune": "Piacenza",
    "indirizzo": "Via Bubba, 98, 29122 Piacenza PC",
    "contatti": {
      "telefono": "0523 591611"
    },
    "orari": {
      "lunedi": "H24",
      "martedi": "H24",
      "mercoledi": "H24",
      "giovedi": "H24",
      "venerdi": "H24",
      "sabato": "H24",
      "domenica": "H24",
      "note": "Struttura residenziale cure palliative."
    },
    "servizi_disponibili": [
      "Cure Palliative"
    ]
  },
  {
    "id": "PC_SERDP_PIACENZA",
    "tipologia": "SerDP",
    "nome": "SerDP Piacenza (Dipendenze Patologiche)",
    "provincia": "PC",
    "distretto": "Distretto Città di Piacenza",
    "comune": "Piacenza",
    "indirizzo": "Via Campagna, 157, 29121 Piacenza PC",
    "contatti": {
      "telefono": "0523 302111"
    },
    "orari": {
      "lunedi": "08:00-13:00",
      "martedi": "08:00-13:00",
      "mercoledi": "08:00-13:00",
      "giovedi": "08:00-13:00",
      "venerdi": "08:00-13:00",
      "sabato": "08:00-11:00",
      "domenica": "Chiuso",
      "note": "Accesso diretto."
    },
    "servizi_disponibili": [
      "Trattamento dipendenze",
      "Counselling"
    ]
  },
  {
    "id": "PC_GM_PIACENZA",
    "tipologia": "Guardia Medica",
    "nome": "Continuità Assistenziale Piacenza (Provinciale)",
    "provincia": "PC",
    "distretto": "Tutti i Distretti",
    "comune": "Piacenza",
    "indirizzo": "Accesso Telefonico Centralizzato",
    "contatti": {
      "telefono": "0523 301111"
    },
    "orari": {
      "lunedi": "20:00-08:00",
      "martedi": "20:00-08:00",
      "mercoledi": "20:00-08:00",
      "giovedi": "20:00-08:00",
      "venerdi": "20:00-08:00",
      "sabato": "H24",
      "domenica": "H24",
      "note": "Numero unico per l'accesso al servizio."
    },
    "servizi_disponibili": [
      "Visite domiciliari",
      "Consulti telefonici",
      "Certificati malattia"
    ]
  }
]