[
  {
    "id": "RE_HUB_ASMN_PS",
    "tipologia": "Ospedale Hub (Emergenza)",
    "nome": "Pronto Soccorso Generale - Arcispedale Santa Maria Nuova (IRCCS)",
    "provincia": "RE",
    "distretto": "Distretto di Reggio Emilia",
    "comune": "Reggio Emilia",
    "indirizzo": "Viale Risorgimento, 80, 42123 Reggio Emilia RE",
    "contatti": {
      "telefono": "0522 296111",
      "web": "https://www.ausl.re.it"
    },
    "orari": {
      "lunedi": "H24",
      "martedi": "H24",
      "mercoledi": "H24",
      "giovedi": "H24",
      "venerdi": "H24",
      "sabato": "H24",
      "domenica": "H24",
      "note": "HUB DEA II LIVELLO. Trauma Center, Centro Oncologico, Neurochirurgia."
    },
    "servizi_disponibili": [
      "Pronto Soccorso Generale",
      "Shock Room",
      "Trauma Team",
      "Rianimazione",
      "Cardiologia Interventistica"
    ]
  },
  {
    "id": "RE_HUB_ASMN_PED",
    "tipologia": "Pronto Soccorso Specialistico",
    "nome": "Pronto Soccorso Pediatrico - ASMN",
    "provincia": "RE",
    "distretto": "Distretto di Reggio Emilia",
    "comune": "Reggio Emilia",
    "indirizzo": "Viale Risorgimento, 80, 42123 Reggio Emilia RE",
    "contatti": {
      "telefono": "0522 296111"
    },
    "orari": {
      "lunedi": "H24",
      "martedi": "H24",
      "mercoledi": "H24",
      "giovedi": "H24",
      "venerdi": "H24",
      "sabato": "H24",
      "domenica": "H24",
      "note": "Accesso diretto pediatrico (0-14 anni)."
    },
    "servizi_disponibili": [
      "Pediatria d'urgenza",
      "Osservazione Breve Intensiva Pediatrica"
    ]
  },
  {
    "id": "RE_HUB_ASMN_OST",
    "tipologia": "Pronto Soccorso Specialistico",
    "nome": "Pronto Soccorso Ostetrico-Ginecologico ASMN",
    "provincia": "RE",
    "distretto": "Distretto di Reggio Emilia",
    "comune": "Reggio Emilia",
    "indirizzo": "Viale Risorgimento, 80, 42123 Reggio Emilia RE",
    "contatti": {
      "telefono": "0522 296111"
    },
    "orari": {
      "lunedi": "H24",
      "martedi": "H24",
      "mercoledi": "H24",
      "giovedi": "H24",
      "venerdi": "H24",
      "sabato": "H24",
      "domenica": "H24",
      "note": "Accesso diretto per gravide e urgenze ginecologiche."
    },
    "servizi_disponibili": [
      "Sala Parto",
      "Visita ginecologica urgente",
      "TIN (Terapia Intensiva Neonatale)"
    ]
  },
  {
    "id": "RE_HUB_ASMN_OCU",
    "tipologia": "Pronto Soccorso Specialistico",
    "nome": "Pronto Soccorso Oculistico ASMN",
    "provincia": "RE",
    "distretto": "Distretto di Reggio Emilia",
    "comune": "Reggio Emilia",
    "indirizzo": "Viale Risorgimento, 80, 42123 Reggio Emilia RE",
    "contatti": {
      "telefono": "0522 296111"
    },
    "orari": {
      "lunedi": "08:00-20:00",
      "martedi": "08:00-20:00",
      "mercoledi": "08:00-20:00",
      "giovedi": "08:00-20:00",
      "venerdi": "08:00-20:00",
      "sabato": "08:00-13:00",
      "domenica": "Chiuso",
      "note": "Accesso diretto diurno. Di notte rivolgersi al PS Generale."
    },
    "servizi_disponibili": [
      "Oculistica d'urgenza"
    ]
  },
  {
    "id": "RE_CAU_REGGIO",
    "tipologia": "CAU - Centro Assistenza Urgenza",
    "nome": "CAU Reggio Emilia",
    "provincia": "RE",
    "distretto": "Distretto di Reggio Emilia",
    "comune": "Reggio Emilia",
    "indirizzo": "Viale Risorgimento, 80, 42123 Reggio Emilia RE",
    "contatti": {
      "telefono": "0522 296111",
      "web": "https://www.ausl.re.it/cau"
    },
    "orari": {
      "lunedi": "H24",
      "martedi": "H24",
      "mercoledi": "H24",
      "giovedi": "H24",
      "venerdi": "H24",
      "sabato": "H24",
      "domenica": "H24",
      "note": "Accesso diretto H24. Padiglione dedicato."
    },
    "servizi_disponibili": [
      "Medicina di base urgente",
      "Medicazioni",
      "Piccola traumatologia"
    ]
  },
  {
    "id": "RE_CDC_ROSTA",
    "tipologia": "Casa della Comunità",
    "nome": "Casa della Comunità Reggio Emilia Ovest (Rosta Nuova)",
    "provincia": "RE",
    "distretto": "Distretto di Reggio Emilia",
    "comune": "Reggio Emilia",
    "indirizzo": "Via Cecati, 2, 42123 Reggio Emilia RE",
    "contatti": {
      "telefono": "0522 335111"
    },
    "orari": {
      "lunedi": "07:30-18:30",
      "martedi": "07:30-18:30",
      "mercoledi": "07:30-18:30",
      "giovedi": "07:30-18:30",
      "venerdi": "07:30-18:30",
      "sabato": "07:30-12:30",
      "domenica": "Chiuso",
      "note": "Polo sanitario Ovest."
    },
    "servizi_disponibili": [
      "Punto Prelievi",
      "CUP",
      "Specialistica",
      "Consultorio"
    ]
  },
  {
    "id": "RE_PRELIEVI_ROSTA",
    "tipologia": "Punto Prelievi",
    "nome": "Punto Prelievi Rosta Nuova",
    "provincia": "RE",
    "distretto": "Distretto di Reggio Emilia",
    "comune": "Reggio Emilia",
    "indirizzo": "Via Cecati, 2, Reggio Emilia RE",
    "contatti": {
      "telefono": "0522 335111"
    },
    "orari": {
      "lunedi": "07:00-09:30",
      "martedi": "07:00-09:30",
      "mercoledi": "07:00-09:30",
      "giovedi": "07:00-09:30",
      "venerdi": "07:00-09:30",
      "sabato": "07:00-09:30",
      "domenica": "Chiuso",
      "note": "Accesso su prenotazione."
    },
    "servizi_disponibili": [
      "Prelievi ematici"
    ]
  },
  {
    "id": "RE_CDC_ROSEBUD",
    "tipologia": "Casa della Comunità",
    "nome": "Casa della Comunità Reggio Emilia Est (Rosebud)",
    "provincia": "RE",
    "distretto": "Distretto di Reggio Emilia",
    "comune": "Reggio Emilia",
    "indirizzo": "Via Amendola, 2, 42122 Reggio Emilia RE",
    "contatti": {
      "telefono": "0522 335111"
    },
    "orari": {
      "lunedi": "07:30-18:30",
      "martedi": "07:30-18:30",
      "mercoledi": "07:30-18:30",
      "giovedi": "07:30-18:30",
      "venerdi": "07:30-18:30",
      "sabato": "07:30-12:30",
      "domenica": "Chiuso",
      "note": "Polo sanitario Est."
    },
    "servizi_disponibili": [
      "Punto Prelievi",
      "CUP",
      "Pediatria di Comunità"
    ]
  },
  {
    "id": "RE_PRELIEVI_ROSEBUD",
    "tipologia": "Punto Prelievi",
    "nome": "Punto Prelievi Rosebud",
    "provincia": "RE",
    "distretto": "Distretto di Reggio Emilia",
    "comune": "Reggio Emilia",
    "indirizzo": "Via Amendola, 2, Reggio Emilia RE",
    "contatti": {
      "telefono": "0522 335111"
    },
    "orari": {
      "lunedi": "07:00-09:30",
      "martedi": "07:00-09:30",
      "mercoledi": "07:00-09:30",
      "giovedi": "07:00-09:30",
      "venerdi": "07:00-09:30",
      "sabato": "07:00-09:30",
      "domenica": "Chiuso",
      "note": ""
    },
    "servizi_disponibili": [
      "Prelievi ematici"
    ]
  },
  {
    "id": "RE_CDC_PUIANELLO",
    "tipologia": "Casa della Comunità",
    "nome": "Casa della Comunità Puianello (Albinea)",
    "provincia": "RE",
    "distretto": "Distretto di Reggio Emilia",
    "comune": "Albinea",
    "frazione": "Puianello",
    "indirizzo": "Via I Maggio, 1, 42020 Puianello RE",
    "contatti": {
      "telefono": "0522 889111"
    },
    "orari": {
      "lunedi": "07:30-13:00",
      "martedi": "07:30-13:00",
      "mercoledi": "07:30-13:00",
      "giovedi": "07:30-13:00",
      "venerdi": "07:30-13:00",
      "sabato": "07:30-12:00",
      "domenica": "Chiuso",
      "note": "Presidio pedecollinare."
    },
    "servizi_disponibili": [
      "Punto Prelievi",
      "CUP",
      "Infermiere di Comunità"
    ]
  },
  {
    "id": "RE_PRELIEVI_PUIANELLO",
    "tipologia": "Punto Prelievi",
    "nome": "Punto Prelievi Puianello",
    "provincia": "RE",
    "distretto": "Distretto di Reggio Emilia",
    "comune": "Albinea",
    "frazione": "Puianello",
    "indirizzo": "Via I Maggio, 1, Puianello RE",
    "contatti": {
      "telefono": "0522 889111"
    },
    "orari": {
      "lunedi": "07:15-09:15",
      "martedi": "07:15-09:15",
      "mercoledi": "07:15-09:15",
      "giovedi": "07:15-09:15",
      "venerdi": "07:15-09:15",
      "sabato": "07:15-09:15",
      "domenica": "Chiuso",
      "note": ""
    },
    "servizi_disponibili": [
      "Prelievi ematici"
    ]
  },
  {
    "id": "RE_CDC_BAGNOLO",
    "tipologia": "Casa della Comunità",
    "nome": "Casa della Comunità Bagnolo in Piano",
    "provincia": "RE",
    "distretto": "Distretto di Reggio Emilia",
    "comune": "Bagnolo in Piano",
    "indirizzo": "Piazza Garibaldi, 10, 42011 Bagnolo in Piano RE",
    "contatti": {
      "telefono": "0522 951111"
    },
    "orari": {
      "lunedi": "08:00-13:00",
      "martedi": "08:00-13:00",
      "mercoledi": "08:00-13:00",
      "giovedi": "08:00-13:00",
      "venerdi": "08:00-13:00",
      "sabato": "Chiuso",
      "domenica": "Chiuso",
      "note": ""
    },
    "servizi_disponibili": [
      "Punto Prelievi",
      "Medicina di Gruppo"
    ]
  },
  {
    "id": "RE_CDC_CASTELNOVO_SOTTO",
    "tipologia": "Casa della Comunità",
    "nome": "Casa della Comunità Castelnovo di Sotto",
    "provincia": "RE",
    "distretto": "Distretto di Reggio Emilia",
    "comune": "Castelnovo di Sotto",
    "indirizzo": "Via Dante Alighieri, 2, 42024 Castelnovo di Sotto RE",
    "contatti": {
      "telefono": "0522 682111"
    },
    "orari": {
      "lunedi": "08:00-13:00",
      "martedi": "08:00-13:00",
      "mercoledi": "08:00-13:00",
      "giovedi": "08:00-13:00",
      "venerdi": "08:00-13:00",
      "sabato": "Chiuso",
      "domenica": "Chiuso",
      "note": ""
    },
    "servizi_disponibili": [
      "Punto Prelievi"
    ]
  },
  {
    "id": "RE_OSP_GUASTALLA_PS",
    "tipologia": "Ospedale Spoke (Emergenza)",
    "nome": "Pronto Soccorso - Ospedale Civile di Guastalla",
    "provincia": "RE",
    "distretto": "Distretto di Guastalla",
    "comune": "Guastalla",
    "indirizzo": "Via Donatori di Sangue, 1, 42016 Guastalla RE",
    "contatti": {
      "telefono": "0522 837111"
    },
    "orari": {
      "lunedi": "H24",
      "martedi": "H24",
      "mercoledi": "H24",
      "giovedi": "H24",
      "venerdi": "H24",
      "sabato": "H24",
      "domenica": "H24",
      "note": "Riferimento per la Bassa Reggiana."
    },
    "servizi_disponibili": [
      "Pronto Soccorso",
      "Rianimazione",
      "Cardiologia",
      "Ortopedia",
      "Ostetricia"
    ]
  },
  {
    "id": "RE_CAU_GUASTALLA",
    "tipologia": "CAU - Centro Assistenza Urgenza",
    "nome": "CAU Guastalla",
    "provincia": "RE",
    "distretto": "Distretto di Guastalla",
    "comune": "Guastalla",
    "indirizzo": "Via Donatori di Sangue, 1, 42016 Guastalla RE",
    "contatti": {
      "telefono": "0522 837111"
    },
    "orari": {
      "lunedi": "08:00-20:00",
      "martedi": "08:00-20:00",
      "mercoledi": "08:00-20:00",
      "giovedi": "08:00-20:00",
      "venerdi": "08:00-20:00",
      "sabato": "08:00-20:00",
      "domenica": "08:00-20:00",
      "note": "Presso l'Ospedale."
    },
    "servizi_disponibili": [
      "Medicina di base urgente"
    ]
  },
  {
    "id": "RE_CDC_GUASTALLA",
    "tipologia": "Casa della Comunità",
    "nome": "Casa della Comunità Guastalla",
    "provincia": "RE",
    "distretto": "Distretto di Guastalla",
    "comune": "Guastalla",
    "indirizzo": "Via Donatori di Sangue, 1, Guastalla RE",
    "contatti": {
      "telefono": "0522 837111"
    },
    "orari": {
      "lunedi": "07:30-18:30",
      "martedi": "07:30-18:30",
      "mercoledi": "07:30-18:30",
      "giovedi": "07:30-18:30",
      "venerdi": "07:30-18:30",
      "sabato": "07:30-12:30",
      "domenica": "Chiuso",
      "note": "Polo distrettuale."
    },
    "servizi_disponibili": [
      "Punto Prelievi",
      "CUP",
      "Consultorio",
      "Specialistica"
    ]
  },
  {
    "id": "RE_PRELIEVI_GUASTALLA",
    "tipologia": "Punto Prelievi",
    "nome": "Punto Prelievi Guastalla",
    "provincia": "RE",
    "distretto": "Distretto di Guastalla",
    "comune": "Guastalla",
    "indirizzo": "Via Donatori di Sangue, 1, Guastalla RE",
    "contatti": {
      "telefono": "0522 837111"
    },
    "orari": {
      "lunedi": "07:15-09:30",
      "martedi": "07:15-09:30",
      "mercoledi": "07:15-09:30",
      "giovedi": "07:15-09:30",
      "venerdi": "07:15-09:30",
      "sabato": "07:15-09:30",
      "domenica": "Chiuso",
      "note": ""
    },
    "servizi_disponibili": [
      "Prelievi ematici"
    ]
  },
  {
    "id": "RE_CDC_NOVELLARA",
    "tipologia": "Casa della Comunità",
    "nome": "Casa della Comunità Novellara",
    "provincia": "RE",
    "distretto": "Distretto di Guastalla",
    "comune": "Novellara",
    "indirizzo": "Via della Costituzione, 12, 42017 Novellara RE",
    "contatti": {
      "telefono": "0522 655111"
    },
    "orari": {
      "lunedi": "08:00-18:00",
      "martedi": "08:00-18:00",
      "mercoledi": "08:00-18:00",
      "giovedi": "08:00-18:00",
      "venerdi": "08:00-18:00",
      "sabato": "08:00-12:00",
      "domenica": "Chiuso",
      "note": ""
    },
    "servizi_disponibili": [
      "Punto Prelievi",
      "Consultorio",
      "Pediatria"
    ]
  },
  {
    "id": "RE_PRELIEVI_NOVELLARA",
    "tipologia": "Punto Prelievi",
    "nome": "Punto Prelievi Novellara",
    "provincia": "RE",
    "distretto": "Distretto di Guastalla",
    "comune": "Novellara",
    "indirizzo": "Via della Costituzione, 12, Novellara RE",
    "contatti": {
      "telefono": "0522 655111"
    },
    "orari": {
      "lunedi": "07:30-09:30",
      "martedi": "07:30-09:30",
      "mercoledi": "07:30-09:30",
      "giovedi": "07:30-09:30",
      "venerdi": "07:30-09:30",
      "sabato": "07:30-09:30",
      "domenica": "Chiuso",
      "note": ""
    },
    "servizi_disponibili": [
      "Prelievi ematici"
    ]
  },
  {
    "id": "RE_CDC_BORETTO",
    "tipologia": "Casa della Comunità",
    "nome": "Casa della Comunità Boretto",
    "provincia": "RE",
    "distretto": "Distretto di Guastalla",
    "comune": "Boretto",
    "indirizzo": "Via Giovanni XXIII, 1, 42022 Boretto RE",
    "contatti": {
      "telefono": "0522 963111"
    },
    "orari": {
      "lunedi": "08:00-13:00",
      "martedi": "08:00-13:00",
      "mercoledi": "08:00-13:00",
      "giovedi": "08:00-13:00",
      "venerdi": "08:00-13:00",
      "sabato": "Chiuso",
      "domenica": "Chiuso",
      "note": ""
    },
    "servizi_disponibili": [
      "Punto Prelievi"
    ]
  },
  {
    "id": "RE_CDC_LUZZARA",
    "tipologia": "Casa della Comunità",
    "nome": "Casa della Comunità Luzzara",
    "provincia": "RE",
    "distretto": "Distretto di Guastalla",
    "comune": "Luzzara",
    "indirizzo": "Viale Filippini, 2, 42045 Luzzara RE",
    "contatti": {
      "telefono": "0522 976111"
    },
    "orari": {
      "lunedi": "08:00-13:00",
      "martedi": "08:00-13:00",
      "mercoledi": "08:00-13:00",
      "giovedi": "08:00-13:00",
      "venerdi": "08:00-13:00",
      "sabato": "Chiuso",
      "domenica": "Chiuso",
      "note": ""
    },
    "servizi_disponibili": [
      "Punto Prelievi"
    ]
  },
  {
    "id": "RE_OSP_MONTECCHIO_PS",
    "tipologia": "Ospedale Spoke (Emergenza)",
    "nome": "Pronto Soccorso - Ospedale E. Franchini Montecchio",
    "provincia": "RE",
    "distretto": "Distretto di Montecchio",
    "comune": "Montecchio Emilia",
    "indirizzo": "Via Barilla, 16, 42027 Montecchio Emilia RE",
    "contatti": {
      "telefono": "0522 860111"
    },
    "orari": {
      "lunedi": "H24",
      "martedi": "H24",
      "mercoledi": "H24",
      "giovedi": "H24",
      "venerdi": "H24",
      "sabato": "H24",
      "domenica": "H24",
      "note": "Riferimento Val d'Enza."
    },
    "servizi_disponibili": [
      "Pronto Soccorso",
      "Ostetricia",
      "Chirurgia",
      "Ortopedia"
    ]
  },
  {
    "id": "RE_CAU_MONTECCHIO",
    "tipologia": "CAU - Centro Assistenza Urgenza",
    "nome": "CAU Montecchio Emilia",
    "provincia": "RE",
    "distretto": "Distretto di Montecchio",
    "comune": "Montecchio Emilia",
    "indirizzo": "Via Barilla, 16, 42027 Montecchio Emilia RE",
    "contatti": {
      "telefono": "0522 860111"
    },
    "orari": {
      "lunedi": "08:00-20:00",
      "martedi": "08:00-20:00",
      "mercoledi": "08:00-20:00",
      "giovedi": "08:00-20:00",
      "venerdi": "08:00-20:00",
      "sabato": "08:00-20:00",
      "domenica": "08:00-20:00",
      "note": "Presso l'Ospedale."
    },
    "servizi_disponibili": [
      "Medicina di base urgente"
    ]
  },
  {
    "id": "RE_CDC_MONTECCHIO",
    "tipologia": "Casa della Comunità",
    "nome": "Casa della Comunità Montecchio Emilia",
    "provincia": "RE",
    "distretto": "Distretto di Montecchio",
    "comune": "Montecchio Emilia",
    "indirizzo": "Via Barilla, 16, Montecchio Emilia RE",
    "contatti": {
      "telefono": "0522 860111"
    },
    "orari": {
      "lunedi": "07:30-18:00",
      "martedi": "07:30-18:00",
      "mercoledi": "07:30-18:00",
      "giovedi": "07:30-18:00",
      "venerdi": "07:30-18:00",
      "sabato": "07:30-12:30",
      "domenica": "Chiuso",
      "note": "Polo distrettuale."
    },
    "servizi_disponibili": [
      "Punto Prelievi",
      "Consultorio",
      "Specialistica"
    ]
  },
  {
    "id": "RE_PRELIEVI_MONTECCHIO",
    "tipologia": "Punto Prelievi",
    "nome": "Punto Prelievi Montecchio",
    "provincia": "RE",
    "distretto": "Distretto di Montecchio",
    "comune": "Montecchio Emilia",
    "indirizzo": "Via Barilla, 16, Montecchio Emilia RE",
    "contatti": {
      "telefono": "0522 860111"
    },
    "orari": {
      "lunedi": "07:15-09:30",
      "martedi": "07:15-09:30",
      "mercoledi": "07:15-09:30",
      "giovedi": "07:15-09:30",
      "venerdi": "07:15-09:30",
      "sabato": "07:15-09:30",
      "domenica": "Chiuso",
      "note": ""
    },
    "servizi_disponibili": [
      "Prelievi ematici"
    ]
  },
  {
    "id": "RE_CDC_SANT_ILARIO",
    "tipologia": "Casa della Comunità",
    "nome": "Casa della Comunità Sant'Ilario d'Enza",
    "provincia": "RE",
    "distretto": "Distretto di Montecchio",
    "comune": "Sant'Ilario d'Enza",
    "indirizzo": "Piazza della Repubblica, 1, 42049 Sant'Ilario d'Enza RE",
    "contatti": {
      "telefono": "0522 902111"
    },
    "orari": {
      "lunedi": "08:00-13:00",
      "martedi": "08:00-13:00",
      "mercoledi": "08:00-13:00",
      "giovedi": "08:00-13:00",
      "venerdi": "08:00-13:00",
      "sabato": "Chiuso",
      "domenica": "Chiuso",
      "note": ""
    },
    "servizi_disponibili": [
      "Punto Prelievi",
      "Pediatria"
    ]
  },
  {
    "id": "RE_PRELIEVI_SANT_ILARIO",
    "tipologia": "Punto Prelievi",
    "nome": "Punto Prelievi Sant'Ilario",
    "provincia": "RE",
    "distretto": "Distretto di Montecchio",
    "comune": "Sant'Ilario d'Enza",
    "indirizzo": "Piazza della Repubblica, 1, Sant'Ilario d'Enza RE",
    "contatti": {
      "telefono": "0522 902111"
    },
    "orari": {
      "lunedi": "07:30-09:30",
      "martedi": "07:30-09:30",
      "mercoledi": "07:30-09:30",
      "giovedi": "07:30-09:30",
      "venerdi": "07:30-09:30",
      "sabato": "Chiuso",
      "domenica": "Chiuso",
      "note": ""
    },
    "servizi_disponibili": [
      "Prelievi ematici"
    ]
  },
  {
    "id": "RE_CDC_CAVRIAGO",
    "tipologia": "Casa della Comunità",
    "nome": "Casa della Comunità Cavriago",
    "provincia": "RE",
    "distretto": "Distretto di Montecchio",
    "comune": "Cavriago",
    "indirizzo": "Via della Repubblica, 10, 42025 Cavriago RE",
    "contatti": {
      "telefono": "0522 375111"
    },
    "orari": {
      "lunedi": "08:00-13:00",
      "martedi": "08:00-13:00",
      "mercoledi": "08:00-13:00",
      "giovedi": "08:00-13:00",
      "venerdi": "08:00-13:00",
      "sabato": "Chiuso",
      "domenica": "Chiuso",
      "note": ""
    },
    "servizi_disponibili": [
      "Punto Prelievi"
    ]
  },
  {
    "id": "RE_PRELIEVI_CAVRIAGO",
    "tipologia": "Punto Prelievi",
    "nome": "Punto Prelievi Cavriago",
    "provincia": "RE",
    "distretto": "Distretto di Montecchio",
    "comune": "Cavriago",
    "indirizzo": "Via della Repubblica, 10, Cavriago RE",
    "contatti": {
      "telefono": "0522 375111"
    },
    "orari": {
      "lunedi": "07:30-09:30",
      "martedi": "07:30-09:30",
      "mercoledi": "07:30-09:30",
      "giovedi": "07:30-09:30",
      "venerdi": "07:30-09:30",
      "sabato": "Chiuso",
      "domenica": "Chiuso",
      "note": ""
    },
    "servizi_disponibili": [
      "Prelievi ematici"
    ]
  },
  {
    "id": "RE_CDC_BIBBIANO",
    "tipologia": "Casa della Comunità",
    "nome": "Casa della Comunità Bibbiano",
    "provincia": "RE",
    "distretto": "Distretto di Montecchio",
    "comune": "Bibbiano",
    "indirizzo": "Via Monti, 2, 42021 Bibbiano RE",
    "contatti": {
      "telefono": "0522 883111"
    },
    "orari": {
      "lunedi": "08:00-13:00",
      "martedi": "08:00-13:00",
      "mercoledi": "08:00-13:00",
      "giovedi": "08:00-13:00",
      "venerdi": "08:00-13:00",
      "sabato": "Chiuso",
      "domenica": "Chiuso",
      "note": ""
    },
    "servizi_disponibili": [
      "Punto Prelievi"
    ]
  },
  {
    "id": "RE_PRELIEVI_BIBBIANO",
    "tipologia": "Punto Prelievi",
    "nome": "Punto Prelievi Bibbiano",
    "provincia": "RE",
    "distretto": "Distretto di Montecchio",
    "comune": "Bibbiano",
    "indirizzo": "Via Monti, 2, Bibbiano RE",
    "contatti": {
      "telefono": "0522 883111"
    },
    "orari": {
      "lunedi": "07:30-09:30",
      "martedi": "07:30-09:30",
      "mercoledi": "07:30-09:30",
      "giovedi": "07:30-09:30",
      "venerdi": "07:30-09:30",
      "sabato": "Chiuso",
      "domenica": "Chiuso",
      "note": ""
    },
    "servizi_disponibili": [
      "Prelievi ematici"
    ]
  },
  {
    "id": "RE_OSP_SCANDIANO_PS",
    "tipologia": "Ospedale Spoke (Emergenza)",
    "nome": "Pronto Soccorso - Ospedale Magati Scandiano",
    "provincia": "RE",
    "distretto": "Distretto di Scandiano",
    "comune": "Scandiano",
    "indirizzo": "Via Martiri della Libertà, 6, 42019 Scandiano RE",
    "contatti": {
      "telefono": "0522 850111"
    },
    "orari": {
      "lunedi": "H24",
      "martedi": "H24",
      "mercoledi": "H24",
      "giovedi": "H24",
      "venerdi": "H24",
      "sabato": "H24",
      "domenica": "H24",
      "note": "Riferimento Zona Ceramiche."
    },
    "servizi_disponibili": [
      "Pronto Soccorso",
      "Medicina Interna",
      "Lungodegenza"
    ]
  },
  {
    "id": "RE_CAU_SCANDIANO",
    "tipologia": "CAU - Centro Assistenza Urgenza",
    "nome": "CAU Scandiano",
    "provincia": "RE",
    "distretto": "Distretto di Scandiano",
    "comune": "Scandiano",
    "indirizzo": "Via Martiri della Libertà, 6, 42019 Scandiano RE",
    "contatti": {
      "telefono": "0522 850111"
    },
    "orari": {
      "lunedi": "08:00-20:00",
      "martedi": "08:00-20:00",
      "mercoledi": "08:00-20:00",
      "giovedi": "08:00-20:00",
      "venerdi": "08:00-20:00",
      "sabato": "08:00-20:00",
      "domenica": "08:00-20:00",
      "note": "Presso l'Ospedale."
    },
    "servizi_disponibili": [
      "Medicina di base urgente"
    ]
  },
  {
    "id": "RE_CDC_SCANDIANO",
    "tipologia": "Casa della Comunità",
    "nome": "Casa della Comunità Scandiano",
    "provincia": "RE",
    "distretto": "Distretto di Scandiano",
    "comune": "Scandiano",
    "indirizzo": "Via Martiri della Libertà, 6, Scandiano RE",
    "contatti": {
      "telefono": "0522 850111"
    },
    "orari": {
      "lunedi": "07:30-18:30",
      "martedi": "07:30-18:30",
      "mercoledi": "07:30-18:30",
      "giovedi": "07:30-18:30",
      "venerdi": "07:30-18:30",
      "sabato": "07:30-12:30",
      "domenica": "Chiuso",
      "note": "Polo distrettuale."
    },
    "servizi_disponibili": [
      "Punto Prelievi",
      "CUP",
      "Consultorio"
    ]
  },
  {
    "id": "RE_PRELIEVI_SCANDIANO",
    "tipologia": "Punto Prelievi",
    "nome": "Punto Prelievi Scandiano",
    "provincia": "RE",
    "distretto": "Distretto di Scandiano",
    "comune": "Scandiano",
    "indirizzo": "Via Martiri della Libertà, 6, Scandiano RE",
    "contatti": {
      "telefono": "0522 850111"
    },
    "orari": {
      "lunedi": "07:15-09:30",
      "martedi": "07:15-09:30",
      "mercoledi": "07:15-09:30",
      "giovedi": "07:15-09:30",
      "venerdi": "07:15-09:30",
      "sabato": "07:15-09:30",
      "domenica": "Chiuso",
      "note": ""
    },
    "servizi_disponibili": [
      "Prelievi ematici"
    ]
  },
  {
    "id": "RE_CDC_RUBIERA",
    "tipologia": "Casa della Comunità",
    "nome": "Casa della Comunità Rubiera",
    "provincia": "RE",
    "distretto": "Distretto di Scandiano",
    "comune": "Rubiera",
    "indirizzo": "Via De Gasperi, 1, 42048 Rubiera RE",
    "contatti": {
      "telefono": "0522 622111"
    },
    "orari": {
      "lunedi": "08:00-13:00",
      "martedi": "08:00-13:00",
      "mercoledi": "08:00-13:00",
      "giovedi": "08:00-13:00",
      "venerdi": "08:00-13:00",
      "sabato": "Chiuso",
      "domenica": "Chiuso",
      "note": ""
    },
    "servizi_disponibili": [
      "Punto Prelievi",
      "Pediatria"
    ]
  },
  {
    "id": "RE_PRELIEVI_RUBIERA",
    "tipologia": "Punto Prelievi",
    "nome": "Punto Prelievi Rubiera",
    "provincia": "RE",
    "distretto": "Distretto di Scandiano",
    "comune": "Rubiera",
    "indirizzo": "Via De Gasperi, 1, Rubiera RE",
    "contatti": {
      "telefono": "0522 622111"
    },
    "orari": {
      "lunedi": "07:30-09:30",
      "martedi": "07:30-09:30",
      "mercoledi": "07:30-09:30",
      "giovedi": "07:30-09:30",
      "venerdi": "07:30-09:30",
      "sabato": "Chiuso",
      "domenica": "Chiuso",
      "note": ""
    },
    "servizi_disponibili": [
      "Prelievi ematici"
    ]
  },
  {
    "id": "RE_CDC_CASTELLARANO",
    "tipologia": "Casa della Comunità",
    "nome": "Casa della Comunità Castellarano",
    "provincia": "RE",
    "distretto": "Distretto di Scandiano",
    "comune": "Castellarano",
    "indirizzo": "Via Radici Nord, 2, 42014 Castellarano RE",
    "contatti": {
      "telefono": "0536 850111"
    },
    "orari": {
      "lunedi": "08:00-13:00",
      "martedi": "08:00-13:00",
      "mercoledi": "08:00-13:00",
      "giovedi": "08:00-13:00",
      "venerdi": "08:00-13:00",
      "sabato": "Chiuso",
      "domenica": "Chiuso",
      "note": ""
    },
    "servizi_disponibili": [
      "Punto Prelievi"
    ]
  },
  {
    "id": "RE_PRELIEVI_CASTELLARANO",
    "tipologia": "Punto Prelievi",
    "nome": "Punto Prelievi Castellarano",
    "provincia": "RE",
    "distretto": "Distretto di Scandiano",
    "comune": "Castellarano",
    "indirizzo": "Via Radici Nord, 2, Castellarano RE",
    "contatti": {
      "telefono": "0536 850111"
    },
    "orari": {
      "lunedi": "07:30-09:30",
      "martedi": "07:30-09:30",
      "mercoledi": "07:30-09:30",
      "giovedi": "07:30-09:30",
      "venerdi": "07:30-09:30",
      "sabato": "Chiuso",
      "domenica": "Chiuso",
      "note": ""
    },
    "servizi_disponibili": [
      "Prelievi ematici"
    ]
  },
  {
    "id": "RE_OSP_CORREGGIO_PS",
    "tipologia": "Ospedale Spoke (Emergenza)",
    "nome": "Pronto Soccorso - Ospedale San Sebastiano Correggio",
    "provincia": "RE",
    "distretto": "Distretto di Correggio",
    "comune": "Correggio",
    "indirizzo": "Via Mandriolo Superiore, 11, 42015 Correggio RE",
    "contatti": {
      "telefono": "0522 630111"
    },
    "orari": {
      "lunedi": "H24",
      "martedi": "H24",
      "mercoledi": "H24",
      "giovedi": "H24",
      "venerdi": "H24",
      "sabato": "H24",
      "domenica": "H24",
      "note": "Riferimento Pianura."
    },
    "servizi_disponibili": [
      "Pronto Soccorso",
      "Riabilitazione",
      "Medicina Interna"
    ]
  },
  {
    "id": "RE_CAU_CORREGGIO",
    "tipologia": "CAU - Centro Assistenza Urgenza",
    "nome": "CAU Correggio",
    "provincia": "RE",
    "distretto": "Distretto di Correggio",
    "comune": "Correggio",
    "indirizzo": "Via Mandriolo Superiore, 11, 42015 Correggio RE",
    "contatti": {
      "telefono": "0522 630111"
    },
    "orari": {
      "lunedi": "08:00-20:00",
      "martedi": "08:00-20:00",
      "mercoledi": "08:00-20:00",
      "giovedi": "08:00-20:00",
      "venerdi": "08:00-20:00",
      "sabato": "08:00-20:00",
      "domenica": "08:00-20:00",
      "note": "Presso l'Ospedale."
    },
    "servizi_disponibili": [
      "Medicina di base urgente"
    ]
  },
  {
    "id": "RE_CDC_CORREGGIO",
    "tipologia": "Casa della Comunità",
    "nome": "Casa della Comunità Correggio",
    "provincia": "RE",
    "distretto": "Distretto di Correggio",
    "comune": "Correggio",
    "indirizzo": "Via Mandriolo Superiore, 11, Correggio RE",
    "contatti": {
      "telefono": "0522 630111"
    },
    "orari": {
      "lunedi": "07:30-18:30",
      "martedi": "07:30-18:30",
      "mercoledi": "07:30-18:30",
      "giovedi": "07:30-18:30",
      "venerdi": "07:30-18:30",
      "sabato": "07:30-12:30",
      "domenica": "Chiuso",
      "note": "Polo distrettuale."
    },
    "servizi_disponibili": [
      "Punto Prelievi",
      "CUP",
      "Consultorio"
    ]
  },
  {
    "id": "RE_PRELIEVI_CORREGGIO",
    "tipologia": "Punto Prelievi",
    "nome": "Punto Prelievi Correggio",
    "provincia": "RE",
    "distretto": "Distretto di Correggio",
    "comune": "Correggio",
    "indirizzo": "Via Mandriolo Superiore, 11, Correggio RE",
    "contatti": {
      "telefono": "0522 630111"
    },
    "orari": {
      "lunedi": "07:30-09:30",
      "martedi": "07:30-09:30",
      "mercoledi": "07:30-09:30",
      "giovedi": "07:30-09:30",
      "venerdi": "07:30-09:30",
      "sabato": "07:30-09:30",
      "domenica": "Chiuso",
      "note": ""
    },
    "servizi_disponibili": [
      "Prelievi ematici"
    ]
  },
  {
    "id": "RE_CDC_SAN_MARTINO",
    "tipologia": "Casa della Comunità",
    "nome": "Casa della Comunità San Martino in Rio",
    "provincia": "RE",
    "distretto": "Distretto di Correggio",
    "comune": "San Martino in Rio",
    "indirizzo": "Via Roma, 2, 42018 San Martino in Rio RE",
    "contatti": {
      "telefono": "0522 636111"
    },
    "orari": {
      "lunedi": "08:00-13:00",
      "martedi": "08:00-13:00",
      "mercoledi": "08:00-13:00",
      "giovedi": "08:00-13:00",
      "venerdi": "08:00-13:00",
      "sabato": "Chiuso",
      "domenica": "Chiuso",
      "note": ""
    },
    "servizi_disponibili": [
      "Punto Prelievi"
    ]
  },
  {
    "id": "RE_PRELIEVI_SAN_MARTINO",
    "tipologia": "Punto Prelievi",
    "nome": "Punto Prelievi San Martino in Rio",
    "provincia": "RE",
    "distretto": "Distretto di Correggio",
    "comune": "San Martino in Rio",
    "indirizzo": "Via Roma, 2, San Martino in Rio RE",
    "contatti": {
      "telefono": "0522 636111"
    },
    "orari": {
      "lunedi": "07:30-09:30",
      "martedi": "07:30-09:30",
      "mercoledi": "07:30-09:30",
      "giovedi": "07:30-09:30",
      "venerdi": "07:30-09:30",
      "sabato": "Chiuso",
      "domenica": "Chiuso",
      "note": ""
    },
    "servizi_disponibili": [
      "Prelievi ematici"
    ]
  },
  {
    "id": "RE_CDC_FABBRICO",
    "tipologia": "Casa della Comunità",
    "nome": "Casa della Comunità Fabbrico",
    "provincia": "RE",
    "distretto": "Distretto di Correggio",
    "comune": "Fabbrico",
    "indirizzo": "Via Roma, 1, 42042 Fabbrico RE",
    "contatti": {
      "telefono": "0522 657111"
    },
    "orari": {
      "lunedi": "08:00-13:00",
      "martedi": "08:00-13:00",
      "mercoledi": "08:00-13:00",
      "giovedi": "08:00-13:00",
      "venerdi": "08:00-13:00",
      "sabato": "Chiuso",
      "domenica": "Chiuso",
      "note": ""
    },
    "servizi_disponibili": [
      "Punto Prelievi"
    ]
  },
  {
    "id": "RE_PRELIEVI_FABBRICO",
    "tipologia": "Punto Prelievi",
    "nome": "Punto Prelievi Fabbrico",
    "provincia": "RE",
    "distretto": "Distretto di Correggio",
    "comune": "Fabbrico",
    "indirizzo": "Via Roma, 1, Fabbrico RE",
    "contatti": {
      "telefono": "0522 657111"
    },
    "orari": {
      "lunedi": "07:30-09:30",
      "martedi": "07:30-09:30",
      "mercoledi": "07:30-09:30",
      "giovedi": "07:30-09:30",
      "venerdi": "07:30-09:30",
      "sabato": "Chiuso",
      "domenica": "Chiuso",
      "note": ""
    },
    "servizi_disponibili": [
      "Prelievi ematici"
    ]
  },
  {
    "id": "RE_OSP_CASTELNOVO_PS",
    "tipologia": "Ospedale di Montagna (Emergenza)",
    "nome": "Pronto Soccorso - Ospedale Sant'Anna Castelnovo ne' Monti",
    "provincia": "RE",
    "distretto": "Distretto di Castelnovo ne' Monti",
    "comune": "Castelnovo ne' Monti",
    "indirizzo": "Via Roma, 2, 42035 Castelnovo ne' Monti RE",
    "contatti": {
      "telefono": "0522 617111"
    },
    "orari": {
      "lunedi": "H24",
      "martedi": "H24",
      "mercoledi": "H24",
      "giovedi": "H24",
      "venerdi": "H24",
      "sabato": "H24",
      "domenica": "H24",
      "note": "Hub per l'Appennino Reggiano."
    },
    "servizi_disponibili": [
      "Pronto Soccorso",
      "Ortopedia",
      "Chirurgia",
      "Cardiologia"
    ]
  },
  {
    "id": "RE_CAU_CASTELNOVO",
    "tipologia": "CAU - Centro Assistenza Urgenza",
    "nome": "CAU Castelnovo ne' Monti",
    "provincia": "RE",
    "distretto": "Distretto di Castelnovo ne' Monti",
    "comune": "Castelnovo ne' Monti",
    "indirizzo": "Via Roma, 2, 42035 Castelnovo ne' Monti RE",
    "contatti": {
      "telefono": "0522 617111"
    },
    "orari": {
      "lunedi": "08:00-20:00",
      "martedi": "08:00-20:00",
      "mercoledi": "08:00-20:00",
      "giovedi": "08:00-20:00",
      "venerdi": "08:00-20:00",
      "sabato": "08:00-20:00",
      "domenica": "08:00-20:00",
      "note": "Presso l'Ospedale."
    },
    "servizi_disponibili": [
      "Medicina di base urgente"
    ]
  },
  {
    "id": "RE_CDC_CASTELNOVO",
    "tipologia": "Casa della Comunità",
    "nome": "Casa della Comunità Castelnovo ne' Monti",
    "provincia": "RE",
    "distretto": "Distretto di Castelnovo ne' Monti",
    "comune": "Castelnovo ne' Monti",
    "indirizzo": "Via Roma, 2, Castelnovo ne' Monti RE",
    "contatti": {
      "telefono": "0522 617111"
    },
    "orari": {
      "lunedi": "07:30-18:30",
      "martedi": "07:30-18:30",
      "mercoledi": "07:30-18:30",
      "giovedi": "07:30-18:30",
      "venerdi": "07:30-18:30",
      "sabato": "07:30-12:30",
      "domenica": "Chiuso",
      "note": "Polo montano."
    },
    "servizi_disponibili": [
      "Punto Prelievi",
      "CUP",
      "Consultorio",
      "Specialistica"
    ]
  },
  {
    "id": "RE_PRELIEVI_CASTELNOVO",
    "tipologia": "Punto Prelievi",
    "nome": "Punto Prelievi Castelnovo ne' Monti",
    "provincia": "RE",
    "distretto": "Distretto di Castelnovo ne' Monti",
    "comune": "Castelnovo ne' Monti",
    "indirizzo": "Via Roma, 2, Castelnovo ne' Monti RE",
    "contatti": {
      "telefono": "0522 617111"
    },
    "orari": {
      "lunedi": "07:30-09:30",
      "martedi": "07:30-09:30",
      "mercoledi": "07:30-09:30",
      "giovedi": "07:30-09:30",
      "venerdi": "07:30-09:30",
      "sabato": "07:30-09:30",
      "domenica": "Chiuso",
      "note": ""
    },
    "servizi_disponibili": [
      "Prelievi ematici"
    ]
  },
  {
    "id": "RE_CDC_VILLA_MINOZZO",
    "tipologia": "Casa della Comunità",
    "nome": "Casa della Comunità Villa Minozzo",
    "provincia": "RE",
    "distretto": "Distretto di Castelnovo ne' Monti",
    "comune": "Villa Minozzo",
    "indirizzo": "Piazza della Pace, 1, 42030 Villa Minozzo RE",
    "contatti": {
      "telefono": "0522 801111"
    },
    "orari": {
      "lunedi": "08:00-13:00",
      "martedi": "08:00-13:00",
      "mercoledi": "08:00-13:00",
      "giovedi": "08:00-13:00",
      "venerdi": "08:00-13:00",
      "sabato": "Chiuso",
      "domenica": "Chiuso",
      "note": "Presidio Alto Appennino."
    },
    "servizi_disponibili": [
      "Punto Prelievi",
      "Guardia Medica Turistica (Estate)"
    ]
  },
  {
    "id": "RE_PRELIEVI_VILLA_MINOZZO",
    "tipologia": "Punto Prelievi",
    "nome": "Punto Prelievi Villa Minozzo",
    "provincia": "RE",
    "distretto": "Distretto di Castelnovo ne' Monti",
    "comune": "Villa Minozzo",
    "indirizzo": "Piazza della Pace, 1, Villa Minozzo RE",
    "contatti": {
      "telefono": "0522 801111"
    },
    "orari": {
      "lunedi": "08:00-09:30",
      "martedi": "08:00-09:30",
      "mercoledi": "08:00-09:30",
      "giovedi": "08:00-09:30",
      "venerdi": "08:00-09:30",
      "sabato": "Chiuso",
      "domenica": "Chiuso",
      "note": ""
    },
    "servizi_disponibili": [
      "Prelievi ematici"
    ]
  },
  {
    "id": "RE_CDC_TOANO",
    "tipologia": "Casa della Comunità",
    "nome": "Casa della Comunità Toano",
    "provincia": "RE",
    "distretto": "Distretto di Castelnovo ne' Monti",
    "comune": "Toano",
    "indirizzo": "Via Roma, 15, 42010 Toano RE",
    "contatti": {
      "telefono": "0522 805111"
    },
    "orari": {
      "lunedi": "08:00-12:00",
      "martedi": "08:00-12:00",
      "mercoledi": "08:00-12:00",
      "giovedi": "08:00-12:00",
      "venerdi": "08:00-12:00",
      "sabato": "Chiuso",
      "domenica": "Chiuso",
      "note": ""
    },
    "servizi_disponibili": [
      "Punto Prelievi"
    ]
  },
  {
    "id": "RE_PRELIEVI_TOANO",
    "tipologia": "Punto Prelievi",
    "nome": "Punto Prelievi Toano",
    "provincia": "RE",
    "distretto": "Distretto di Castelnovo ne' Monti",
    "comune": "Toano",
    "indirizzo": "Via Roma, 15, Toano RE",
    "contatti": {
      "telefono": "0522 805111"
    },
    "orari": {
      "lunedi": "Chiuso",
      "martedi": "Chiuso",
      "mercoledi": "Chiuso",
      "giovedi": "08:00-10:30",
      "venerdi": "Chiuso",
      "sabato": "Chiuso",
      "domenica": "Chiuso",
      "note": "ATTENZIONE: Aperto SOLO Giovedì."
    },
    "servizi_disponibili": [
      "Prelievi ematici"
    ]
  },
  {
    "id": "RE_CDC_CARPINETI",
    "tipologia": "Casa della Comunità",
    "nome": "Casa della Comunità Carpineti",
    "provincia": "RE",
    "distretto": "Distretto di Castelnovo ne' Monti",
    "comune": "Carpineti",
    "indirizzo": "Piazza della Repubblica, 1, 42033 Carpineti RE",
    "contatti": {
      "telefono": "0522 618111"
    },
    "orari": {
      "lunedi": "08:00-13:00",
      "martedi": "08:00-13:00",
      "mercoledi": "08:00-13:00",
      "giovedi": "08:00-13:00",
      "venerdi": "08:00-13:00",
      "sabato": "Chiuso",
      "domenica": "Chiuso",
      "note": ""
    },
    "servizi_disponibili": [
      "Punto Prelievi"
    ]
  },
  {
    "id": "RE_PRELIEVI_CARPINETI",
    "tipologia": "Punto Prelievi",
    "nome": "Punto Prelievi Carpineti",
    "provincia": "RE",
    "distretto": "Distretto di Castelnovo ne' Monti",
    "comune": "Carpineti",
    "indirizzo": "Piazza della Repubblica, 1, Carpineti RE",
    "contatti": {
      "telefono": "0522 618111"
    },
    "orari": {
      "lunedi": "Chiuso",
      "martedi": "Chiuso",
      "mercoledi": "07:30-09:30",
      "giovedi": "Chiuso",
      "venerdi": "Chiuso",
      "sabato": "Chiuso",
      "domenica": "Chiuso",
      "note": "ATTENZIONE: Aperto SOLO Mercoledì."
    },
    "servizi_disponibili": [
      "Prelievi ematici"
    ]
  },
  {
    "id": "RE_PRELIEVI_VETTO",
    "tipologia": "Punto Prelievi",
    "nome": "Punto Prelievi Vetto",
    "provincia": "RE",
    "distretto": "Distretto di Castelnovo ne' Monti",
    "comune": "Vetto",
    "indirizzo": "Via Roma, 1, 42020 Vetto RE",
    "contatti": {
      "telefono": "N/A"
    },
    "orari": {
      "lunedi": "Chiuso",
      "martedi": "Chiuso",
      "mercoledi": "09:15-10:00",
      "giovedi": "Chiuso",
      "venerdi": "Chiuso",
      "sabato": "Chiuso",
      "domenica": "Chiuso",
      "note": "ATTENZIONE: Aperto SOLO Mercoledì per 45 minuti."
    },
    "servizi_disponibili": [
      "Prelievi ematici"
    ]
  },
  {
    "id": "RE_CDC_CASINA",
    "tipologia": "Casa della Comunità",
    "nome": "Casa della Comunità Casina",
    "provincia": "RE",
    "distretto": "Distretto di Castelnovo ne' Monti",
    "comune": "Casina",
    "indirizzo": "Via Roma, 10, 42034 Casina RE",
    "contatti": {
      "telefono": "0522 609111"
    },
    "orari": {
      "lunedi": "08:00-13:00",
      "martedi": "08:00-13:00",
      "mercoledi": "08:00-13:00",
      "giovedi": "08:00-13:00",
      "venerdi": "08:00-13:00",
      "sabato": "Chiuso",
      "domenica": "Chiuso",
      "note": ""
    },
    "servizi_disponibili": [
      "Punto Prelievi"
    ]
  },
  {
    "id": "RE_PRELIEVI_CASINA",
    "tipologia": "Punto Prelievi",
    "nome": "Punto Prelievi Casina",
    "provincia": "RE",
    "distretto": "Distretto di Castelnovo ne' Monti",
    "comune": "Casina",
    "indirizzo": "Via Roma, 10, Casina RE",
    "contatti": {
      "telefono": "0522 609111"
    },
    "orari": {
      "lunedi": "Chiuso",
      "martedi": "07:30-09:30",
      "mercoledi": "Chiuso",
      "giovedi": "Chiuso",
      "venerdi": "07:30-09:30",
      "sabato": "Chiuso",
      "domenica": "Chiuso",
      "note": "Aperto Mar e Ven."
    },
    "servizi_disponibili": [
      "Prelievi ematici"
    ]
  },
  {
    "id": "RE_CONS_REGGIO",
    "tipologia": "Consultorio",
    "nome": "Consultorio Familiare Reggio Emilia",
    "provincia": "RE",
    "distretto": "Distretto di Reggio Emilia",
    "comune": "Reggio Emilia",
    "indirizzo": "Viale Monte San Michele, 8, Reggio Emilia RE",
    "contatti": {
      "telefono": "0522 335650"
    },
    "orari": {
      "lunedi": "08:30-17:00",
      "martedi": "08:30-17:00",
      "mercoledi": "08:30-17:00",
      "giovedi": "08:30-17:00",
      "venerdi": "08:30-13:00",
      "sabato": "Chiuso",
      "domenica": "Chiuso",
      "note": "Spazio Giovani: Lun e Gio pomeriggio."
    },
    "servizi_disponibili": [
      "Ginecologia",
      "Ostetricia",
      "Spazio Giovani"
    ]
  },
  {
    "id": "RE_CONS_GUASTALLA",
    "tipologia": "Consultorio",
    "nome": "Consultorio Familiare Guastalla",
    "provincia": "RE",
    "distretto": "Distretto di Guastalla",
    "comune": "Guastalla",
    "indirizzo": "Via Donatori di Sangue, 1, Guastalla RE",
    "contatti": {
      "telefono": "0522 837555"
    },
    "orari": {
      "lunedi": "08:30-13:00",
      "martedi": "08:30-13:00",
      "mercoledi": "08:30-13:00",
      "giovedi": "08:30-13:00",
      "venerdi": "08:30-13:00",
      "sabato": "Chiuso",
      "domenica": "Chiuso",
      "note": "Spazio Giovani il Mercoledì pomeriggio."
    },
    "servizi_disponibili": [
      "Ginecologia",
      "Ostetricia",
      "Spazio Giovani"
    ]
  },
  {
    "id": "RE_CONS_SCANDIANO",
    "tipologia": "Consultorio",
    "nome": "Consultorio Familiare Scandiano",
    "provincia": "RE",
    "distretto": "Distretto di Scandiano",
    "comune": "Scandiano",
    "indirizzo": "Via Martiri della Libertà, 6, Scandiano RE",
    "contatti": {
      "telefono": "0522 850333"
    },
    "orari": {
      "lunedi": "08:30-13:00",
      "martedi": "08:30-13:00",
      "mercoledi": "08:30-13:00",
      "giovedi": "08:30-13:00",
      "venerdi": "08:30-13:00",
      "sabato": "Chiuso",
      "domenica": "Chiuso",
      "note": "Spazio Giovani il Martedì pomeriggio."
    },
    "servizi_disponibili": [
      "Ginecologia",
      "Ostetricia",
      "Spazio Giovani"
    ]
  },
  {
    "id": "RE_CONS_MONTECCHIO",
    "tipologia": "Consultorio",
    "nome": "Consultorio Familiare Montecchio",
    "provincia": "RE",
    "distretto": "Distretto di Montecchio",
    "comune": "Montecchio Emilia",
    "indirizzo": "Via Barilla, 16, Montecchio Emilia RE",
    "contatti": {
      "telefono": "0522 860333"
    },
    "orari": {
      "lunedi": "08:30-13:00",
      "martedi": "08:30-13:00",
      "mercoledi": "08:30-13:00",
      "giovedi": "08:30-13:00",
      "venerdi": "08:30-13:00",
      "sabato": "Chiuso",
      "domenica": "Chiuso",
      "note": "Spazio Giovani il Lunedì pomeriggio."
    },
    "servizi_disponibili": [
      "Ginecologia",
      "Ostetricia",
      "Spazio Giovani"
    ]
  },
  {
    "id": "RE_CONS_CORREGGIO",
    "tipologia": "Consultorio",
    "nome": "Consultorio Familiare Correggio",
    "provincia": "RE",
    "distretto": "Distretto di Correggio",
    "comune": "Correggio",
    "indirizzo": "Via Mandriolo Superiore, 11, Correggio RE",
    "contatti": {
      "telefono": "0522 630333"
    },
    "orari": {
      "lunedi": "08:30-13:00",
      "martedi": "08:30-13:00",
      "mercoledi": "08:30-13:00",
      "giovedi": "08:30-13:00",
      "venerdi": "08:30-13:00",
      "sabato": "Chiuso",
      "domenica": "Chiuso",
      "note": "Spazio Giovani il Giovedì pomeriggio."
    },
    "servizi_disponibili": [
      "Ginecologia",
      "Ostetricia",
      "Spazio Giovani"
    ]
  },
  {
    "id": "RE_CONS_CASTELNOVO",
    "tipologia": "Consultorio",
    "nome": "Consultorio Familiare Castelnovo ne' Monti",
    "provincia": "RE",
    "distretto": "Distretto di Castelnovo ne' Monti",
    "comune": "Castelnovo ne' Monti",
    "indirizzo": "Via Roma, 2, Castelnovo ne' Monti RE",
    "contatti": {
      "telefono": "0522 617333"
    },
    "orari": {
      "lunedi": "09:00-13:00",
      "martedi": "09:00-13:00",
      "mercoledi": "09:00-13:00",
      "giovedi": "09:00-13:00",
      "venerdi": "09:00-13:00",
      "sabato": "Chiuso",
      "domenica": "Chiuso",
      "note": "Spazio Giovani il Mercoledì pomeriggio."
    },
    "servizi_disponibili": [
      "Ginecologia",
      "Ostetricia",
      "Spazio Giovani"
    ]
  },
  {
    "id": "RE_GM_PROVINCIALE",
    "tipologia": "Guardia Medica",
    "nome": "Continuità Assistenziale Reggio Emilia (Provinciale)",
    "provincia": "RE",
    "distretto": "Tutti i Distretti",
    "comune": "Reggio Emilia",
    "indirizzo": "Centrale Operativa Provinciale",
    "contatti": {
      "telefono": "0522 290001"
    },
    "orari": {
      "lunedi": "20:00-08:00",
      "martedi": "20:00-08:00",
      "mercoledi": "20:00-08:00",
      "giovedi": "20:00-08:00",
      "venerdi": "20:00-08:00",
      "sabato": "H24",
      "domenica": "H24",
      "note": "Numero unico provinciale per l'accesso al servizio."
    },
    "servizi_disponibili": [
      "Visite domiciliari",
      "Consulti telefonici",
      "Certificati malattia"
    ]
  },
  {
    "id": "RE_SERDP_REGGIO",
    "tipologia": "SerDP",
    "nome": "SerDP Reggio Emilia",
    "provincia": "RE",
    "distretto": "Distretto di Reggio Emilia",
    "comune": "Reggio Emilia",
    "indirizzo": "Via Amendola, 2, Reggio Emilia RE",
    "contatti": {
      "telefono": "0522 335111"
    },
    "orari": {
      "lunedi": "08:00-14:00",
      "martedi": "08:00-14:00",
      "mercoledi": "08:00-14:00",
      "giovedi": "08:00-14:00",
      "venerdi": "08:00-14:00",
      "sabato": "08:00-12:00",
      "domenica": "Chiuso",
      "note": ""
    },
    "servizi_disponibili": [
      "Trattamento dipendenze"
    ]
  }
]