[
    {
      "id": "RN_HUB_INFERMI_PS",
      "tipologia": "Ospedale Hub (Emergenza)",
      "nome": "Pronto Soccorso Generale - Ospedale Infermi di Rimini",
      "provincia": "RN",
      "distretto": "Distretto di Rimini",
      "comune": "Rimini",
      "indirizzo": "Viale Luigi Settembrini, 2, 47923 Rimini RN",
      "contatti": {
        "telefono": "0541 705111",
        "web": "https://www.auslromagna.it/ospedali/rimini"
      },
      "orari": {
        "lunedi": "H24",
        "martedi": "H24",
        "mercoledi": "H24",
        "giovedi": "H24",
        "venerdi": "H24",
        "sabato": "H24",
        "domenica": "H24",
        "note": "HUB DEA II LIVELLO. Accesso per emergenze (Codici Rossi/Arancioni/Azzurri). Per codici bianchi recarsi al CAU."
      },
      "servizi_disponibili": [
        "Pronto Soccorso Generale",
        "Rianimazione",
        "Cardiologia Emodinamica",
        "Neurochirurgia (consulenza)",
        "Chirurgia d'Urgenza"
      ]
    },
    {
      "id": "RN_HUB_INFERMI_PED",
      "tipologia": "Pronto Soccorso Specialistico",
      "nome": "Pronto Soccorso Pediatrico - Ospedale Infermi",
      "provincia": "RN",
      "distretto": "Distretto di Rimini",
      "comune": "Rimini",
      "indirizzo": "Viale Luigi Settembrini, 2, 47923 Rimini RN (Ingresso dedicato)",
      "contatti": {
        "telefono": "0541 705111"
      },
      "orari": {
        "lunedi": "H24",
        "martedi": "H24",
        "mercoledi": "H24",
        "giovedi": "H24",
        "venerdi": "H24",
        "sabato": "H24",
        "domenica": "H24",
        "note": "Accesso diretto pediatrico (0-14 anni)."
      },
      "servizi_disponibili": [
        "Visita pediatrica urgente",
        "Osservazione Breve Intensiva Pediatrica",
        "Chirurgia Pediatrica"
      ]
    },
    {
      "id": "RN_HUB_INFERMI_OST",
      "tipologia": "Pronto Soccorso Specialistico",
      "nome": "Pronto Soccorso Ostetrico-Ginecologico Rimini",
      "provincia": "RN",
      "distretto": "Distretto di Rimini",
      "comune": "Rimini",
      "indirizzo": "Viale Luigi Settembrini, 2, 47923 Rimini RN",
      "contatti": {
        "telefono": "0541 705111"
      },
      "orari": {
        "lunedi": "H24",
        "martedi": "H24",
        "mercoledi": "H24",
        "giovedi": "H24",
        "venerdi": "H24",
        "sabato": "H24",
        "domenica": "H24",
        "note": "Accesso diretto per gravide e urgenze ginecologiche."
      },
      "servizi_disponibili": [
        "Sala Parto",
        "Visita ginecologica urgente",
        "TIN (Terapia Intensiva Neonatale)"
      ]
    },
    {
      "id": "RN_CAU_RIMINI",
      "tipologia": "CAU - Centro Assistenza Urgenza",
      "nome": "CAU Rimini (Ospedale Infermi)",
      "provincia": "RN",
      "distretto": "Distretto di Rimini",
      "comune": "Rimini",
      "indirizzo": "Viale Luigi Settembrini, 2, 47923 Rimini RN",
      "contatti": {
        "telefono": "0541 705111",
        "web": "https://www.auslromagna.it/luoghi/cau"
      },
      "orari": {
        "lunedi": "08:00-20:00",
        "martedi": "08:00-20:00",
        "mercoledi": "08:00-20:00",
        "giovedi": "08:00-20:00",
        "venerdi": "08:00-20:00",
        "sabato": "08:00-20:00",
        "domenica": "08:00-20:00",
        "note": "Accesso diretto per Codici Bianchi e Verdi. Situato presso il Padiglione Ovidio."
      },
      "servizi_disponibili": [
        "Medicina di base urgente",
        "Medicazioni",
        "Piccola traumatologia",
        "Prescrizioni urgenti"
      ]
    },
    {
      "id": "RN_PRELIEVI_RIMINI_OSP",
      "tipologia": "Punto Prelievi",
      "nome": "Punto Prelievi Ospedale Infermi",
      "provincia": "RN",
      "distretto": "Distretto di Rimini",
      "comune": "Rimini",
      "indirizzo": "Viale Luigi Settembrini, 2, Rimini RN",
      "contatti": {
        "telefono": "0541 705111"
      },
      "orari": {
        "lunedi": "07:30-10:30",
        "martedi": "07:30-10:30",
        "mercoledi": "07:30-10:30",
        "giovedi": "07:30-10:30",
        "venerdi": "07:30-10:30",
        "sabato": "07:30-10:30",
        "domenica": "Chiuso",
        "note": "Accesso su prenotazione."
      },
      "servizi_disponibili": [
        "Prelievi ematici",
        "Consegna campioni"
      ]
    },
    {
      "id": "RN_CDC_RIMINI_COLONNELLA",
      "tipologia": "Casa della Comunità",
      "nome": "Casa della Comunità Rimini Colonnella",
      "provincia": "RN",
      "distretto": "Distretto di Rimini",
      "comune": "Rimini",
      "indirizzo": "Via Flaminia, 18, 47923 Rimini RN (c/o Centro Commerciale Le Befane - Area Direzionale)",
      "contatti": {
        "telefono": "0541 707111"
      },
      "orari": {
        "lunedi": "07:30-18:30",
        "martedi": "07:30-18:30",
        "mercoledi": "07:30-18:30",
        "giovedi": "07:30-18:30",
        "venerdi": "07:30-18:30",
        "sabato": "07:30-12:30",
        "domenica": "Chiuso",
        "note": "Polo territoriale Rimini Sud."
      },
      "servizi_disponibili": [
        "Punto Prelievi",
        "CUP",
        "Specialistica Ambulatoriale",
        "Consultorio"
      ]
    },
    {
      "id": "RN_PRELIEVI_COLONNELLA",
      "tipologia": "Punto Prelievi",
      "nome": "Punto Prelievi Colonnella",
      "provincia": "RN",
      "distretto": "Distretto di Rimini",
      "comune": "Rimini",
      "indirizzo": "Via Flaminia, 18, Rimini RN",
      "contatti": {
        "telefono": "0541 707111"
      },
      "orari": {
        "lunedi": "07:30-09:30",
        "martedi": "07:30-09:30",
        "mercoledi": "07:30-09:30",
        "giovedi": "07:30-09:30",
        "venerdi": "07:30-09:30",
        "sabato": "07:30-09:30",
        "domenica": "Chiuso",
        "note": ""
      },
      "servizi_disponibili": [
        "Prelievi ematici"
      ]
    },
    {
      "id": "RN_CDC_RIMINI_VIA_XXIV_MAGGIO",
      "tipologia": "Casa della Comunità",
      "nome": "Casa della Comunità Rimini Centro (Ex INAM)",
      "provincia": "RN",
      "distretto": "Distretto di Rimini",
      "comune": "Rimini",
      "indirizzo": "Via Circonvallazione Occidentale, 57, 47923 Rimini RN",
      "contatti": {
        "telefono": "0541 707311"
      },
      "orari": {
        "lunedi": "07:30-13:30",
        "martedi": "07:30-13:30",
        "mercoledi": "07:30-13:30",
        "giovedi": "07:30-13:30",
        "venerdi": "07:30-13:30",
        "sabato": "07:30-12:30",
        "domenica": "Chiuso",
        "note": "Sede storica."
      },
      "servizi_disponibili": [
        "CUP",
        "Specialistica",
        "Odontoiatria"
      ]
    },
    {
      "id": "RN_CDC_VISERBA",
      "tipologia": "Casa della Comunità",
      "nome": "Casa della Comunità Rimini Nord - Viserba",
      "provincia": "RN",
      "distretto": "Distretto di Rimini",
      "comune": "Rimini",
      "frazione": "Viserba",
      "indirizzo": "Via Mazzini, 22, 47922 Viserba RN",
      "contatti": {
        "telefono": "0541 796111"
      },
      "orari": {
        "lunedi": "07:30-13:30",
        "martedi": "07:30-13:30",
        "mercoledi": "07:30-13:30",
        "giovedi": "07:30-13:30",
        "venerdi": "07:30-13:30",
        "sabato": "Chiuso",
        "domenica": "Chiuso",
        "note": "Presidio Rimini Nord."
      },
      "servizi_disponibili": [
        "Punto Prelievi",
        "Pediatria di Comunità"
      ]
    },
    {
      "id": "RN_PRELIEVI_VISERBA",
      "tipologia": "Punto Prelievi",
      "nome": "Punto Prelievi Viserba",
      "provincia": "RN",
      "distretto": "Distretto di Rimini",
      "comune": "Rimini",
      "frazione": "Viserba",
      "indirizzo": "Via Mazzini, 22, Viserba RN",
      "contatti": {
        "telefono": "0541 796111"
      },
      "orari": {
        "lunedi": "07:30-09:30",
        "martedi": "07:30-09:30",
        "mercoledi": "07:30-09:30",
        "giovedi": "07:30-09:30",
        "venerdi": "07:30-09:30",
        "sabato": "Chiuso",
        "domenica": "Chiuso",
        "note": ""
      },
      "servizi_disponibili": [
        "Prelievi ematici"
      ]
    },
    {
      "id": "RN_CDC_MIRAMARE",
      "tipologia": "Casa della Comunità",
      "nome": "Casa della Comunità Miramare",
      "provincia": "RN",
      "distretto": "Distretto di Rimini",
      "comune": "Rimini",
      "frazione": "Miramare",
      "indirizzo": "Via Losanna, 18, 47924 Miramare RN",
      "contatti": {
        "telefono": "0541 370511"
      },
      "orari": {
        "lunedi": "08:00-13:00",
        "martedi": "08:00-13:00",
        "mercoledi": "08:00-13:00",
        "giovedi": "08:00-13:00",
        "venerdi": "08:00-13:00",
        "sabato": "Chiuso",
        "domenica": "Chiuso",
        "note": ""
      },
      "servizi_disponibili": [
        "Punto Prelievi"
      ]
    },
    {
      "id": "RN_OSP_SANTARCANGELO_PS",
      "tipologia": "Ospedale Spoke (Emergenza)",
      "nome": "Punto di Primo Intervento - Ospedale Franchini Santarcangelo",
      "provincia": "RN",
      "distretto": "Distretto di Rimini",
      "comune": "Santarcangelo di Romagna",
      "indirizzo": "Via Pedrignone, 3, 47822 Santarcangelo di Romagna RN",
      "contatti": {
        "telefono": "0541 326111"
      },
      "orari": {
        "lunedi": "H24",
        "martedi": "H24",
        "mercoledi": "H24",
        "giovedi": "H24",
        "venerdi": "H24",
        "sabato": "H24",
        "domenica": "H24",
        "note": "Attenzione: PPI attivo, trasforma in CAU per codici minori."
      },
      "servizi_disponibili": [
        "Primo Intervento",
        "Senologia (Breast Unit)",
        "Chirurgia",
        "Medicina"
      ]
    },
    {
      "id": "RN_CAU_SANTARCANGELO",
      "tipologia": "CAU - Centro Assistenza Urgenza",
      "nome": "CAU Santarcangelo",
      "provincia": "RN",
      "distretto": "Distretto di Rimini",
      "comune": "Santarcangelo di Romagna",
      "indirizzo": "Via Pedrignone, 3, 47822 Santarcangelo di Romagna RN",
      "contatti": {
        "telefono": "0541 326111"
      },
      "orari": {
        "lunedi": "08:00-20:00",
        "martedi": "08:00-20:00",
        "mercoledi": "08:00-20:00",
        "giovedi": "08:00-20:00",
        "venerdi": "08:00-20:00",
        "sabato": "08:00-20:00",
        "domenica": "08:00-20:00",
        "note": "Presso l'Ospedale Franchini."
      },
      "servizi_disponibili": [
        "Medicina di base urgente"
      ]
    },
    {
      "id": "RN_CDC_SANTARCANGELO",
      "tipologia": "Casa della Comunità",
      "nome": "Casa della Comunità Santarcangelo",
      "provincia": "RN",
      "distretto": "Distretto di Rimini",
      "comune": "Santarcangelo di Romagna",
      "indirizzo": "Via Pedrignone, 3, Santarcangelo di Romagna RN",
      "contatti": {
        "telefono": "0541 326111"
      },
      "orari": {
        "lunedi": "07:30-18:30",
        "martedi": "07:30-18:30",
        "mercoledi": "07:30-18:30",
        "giovedi": "07:30-18:30",
        "venerdi": "07:30-18:30",
        "sabato": "07:30-12:30",
        "domenica": "Chiuso",
        "note": "Polo distrettuale Val Marecchia."
      },
      "servizi_disponibili": [
        "Punto Prelievi",
        "CUP",
        "Consultorio"
      ]
    },
    {
      "id": "RN_PRELIEVI_SANTARCANGELO",
      "tipologia": "Punto Prelievi",
      "nome": "Punto Prelievi Santarcangelo",
      "provincia": "RN",
      "distretto": "Distretto di Rimini",
      "comune": "Santarcangelo di Romagna",
      "indirizzo": "Via Pedrignone, 3, Santarcangelo RN",
      "contatti": {
        "telefono": "0541 326111"
      },
      "orari": {
        "lunedi": "07:15-09:30",
        "martedi": "07:15-09:30",
        "mercoledi": "07:15-09:30",
        "giovedi": "07:15-09:30",
        "venerdi": "07:15-09:30",
        "sabato": "07:15-09:30",
        "domenica": "Chiuso",
        "note": ""
      },
      "servizi_disponibili": [
        "Prelievi ematici"
      ]
    },
    {
      "id": "RN_CDC_VERUCCHIO",
      "tipologia": "Casa della Comunità",
      "nome": "Casa della Comunità Verucchio (Villa Verucchio)",
      "provincia": "RN",
      "distretto": "Distretto di Rimini",
      "comune": "Verucchio",
      "frazione": "Villa Verucchio",
      "indirizzo": "Piazza Borsalino, 17, 47826 Villa Verucchio RN",
      "contatti": {
        "telefono": "0541 668111"
      },
      "orari": {
        "lunedi": "08:00-13:00",
        "martedi": "08:00-13:00",
        "mercoledi": "08:00-13:00",
        "giovedi": "08:00-13:00",
        "venerdi": "08:00-13:00",
        "sabato": "Chiuso",
        "domenica": "Chiuso",
        "note": "Presidio Media Val Marecchia."
      },
      "servizi_disponibili": [
        "Punto Prelievi",
        "Pediatria"
      ]
    },
    {
      "id": "RN_PRELIEVI_VERUCCHIO",
      "tipologia": "Punto Prelievi",
      "nome": "Punto Prelievi Villa Verucchio",
      "provincia": "RN",
      "distretto": "Distretto di Rimini",
      "comune": "Verucchio",
      "frazione": "Villa Verucchio",
      "indirizzo": "Piazza Borsalino, 17, Villa Verucchio RN",
      "contatti": {
        "telefono": "0541 668111"
      },
      "orari": {
        "lunedi": "07:30-09:30",
        "martedi": "07:30-09:30",
        "mercoledi": "07:30-09:30",
        "giovedi": "07:30-09:30",
        "venerdi": "07:30-09:30",
        "sabato": "Chiuso",
        "domenica": "Chiuso",
        "note": ""
      },
      "servizi_disponibili": [
        "Prelievi ematici"
      ]
    },
    {
      "id": "RN_CDC_NOVAFELTRIA",
      "tipologia": "Casa della Comunità / Ospedale",
      "nome": "Ospedale Sacra Famiglia Novafeltria (CdC Alta Valmarecchia)",
      "provincia": "RN",
      "distretto": "Distretto di Rimini",
      "comune": "Novafeltria",
      "indirizzo": "Via XXIV Maggio, 17, 47863 Novafeltria RN",
      "contatti": {
        "telefono": "0541 919111"
      },
      "orari": {
        "lunedi": "H24",
        "martedi": "H24",
        "mercoledi": "H24",
        "giovedi": "H24",
        "venerdi": "H24",
        "sabato": "H24",
        "domenica": "H24",
        "note": "Punto di Primo Intervento H24 per l'Alta Valmarecchia."
      },
      "servizi_disponibili": [
        "Primo Intervento",
        "Punto Prelievi",
        "Medicina Interna",
        "Chirurgia day surgery",
        "Consultorio"
      ]
    },
    {
      "id": "RN_CAU_NOVAFELTRIA",
      "tipologia": "CAU - Centro Assistenza Urgenza",
      "nome": "CAU Novafeltria",
      "provincia": "RN",
      "distretto": "Distretto di Rimini",
      "comune": "Novafeltria",
      "indirizzo": "Via XXIV Maggio, 17, 47863 Novafeltria RN",
      "contatti": {
        "telefono": "0541 919111"
      },
      "orari": {
        "lunedi": "08:00-20:00",
        "martedi": "08:00-20:00",
        "mercoledi": "08:00-20:00",
        "giovedi": "08:00-20:00",
        "venerdi": "08:00-20:00",
        "sabato": "08:00-20:00",
        "domenica": "08:00-20:00",
        "note": "Presso Ospedale Sacra Famiglia."
      },
      "servizi_disponibili": [
        "Medicina di base urgente"
      ]
    },
    {
      "id": "RN_PRELIEVI_NOVAFELTRIA",
      "tipologia": "Punto Prelievi",
      "nome": "Punto Prelievi Novafeltria",
      "provincia": "RN",
      "distretto": "Distretto di Rimini",
      "comune": "Novafeltria",
      "indirizzo": "Via XXIV Maggio, 17, Novafeltria RN",
      "contatti": {
        "telefono": "0541 919111"
      },
      "orari": {
        "lunedi": "07:30-09:30",
        "martedi": "07:30-09:30",
        "mercoledi": "07:30-09:30",
        "giovedi": "07:30-09:30",
        "venerdi": "07:30-09:30",
        "sabato": "07:30-09:30",
        "domenica": "Chiuso",
        "note": ""
      },
      "servizi_disponibili": [
        "Prelievi ematici"
      ]
    },
    {
      "id": "RN_CDC_BELLARIA",
      "tipologia": "Casa della Comunità",
      "nome": "Casa della Comunità Bellaria Igea Marina",
      "provincia": "RN",
      "distretto": "Distretto di Rimini",
      "comune": "Bellaria-Igea Marina",
      "indirizzo": "Piazza del Popolo, 1, 47814 Bellaria-Igea Marina RN",
      "contatti": {
        "telefono": "0541 334111"
      },
      "orari": {
        "lunedi": "07:30-18:00",
        "martedi": "07:30-18:00",
        "mercoledi": "07:30-18:00",
        "giovedi": "07:30-18:00",
        "venerdi": "07:30-18:00",
        "sabato": "07:30-12:30",
        "domenica": "Chiuso",
        "note": "Presidio costiero Nord."
      },
      "servizi_disponibili": [
        "Punto Prelievi",
        "CUP",
        "Consultorio",
        "Dialisi Turistica"
      ]
    },
    {
      "id": "RN_PRELIEVI_BELLARIA",
      "tipologia": "Punto Prelievi",
      "nome": "Punto Prelievi Bellaria",
      "provincia": "RN",
      "distretto": "Distretto di Rimini",
      "comune": "Bellaria-Igea Marina",
      "indirizzo": "Piazza del Popolo, 1, Bellaria RN",
      "contatti": {
        "telefono": "0541 334111"
      },
      "orari": {
        "lunedi": "07:30-09:30",
        "martedi": "07:30-09:30",
        "mercoledi": "07:30-09:30",
        "giovedi": "07:30-09:30",
        "venerdi": "07:30-09:30",
        "sabato": "07:30-09:30",
        "domenica": "Chiuso",
        "note": ""
      },
      "servizi_disponibili": [
        "Prelievi ematici"
      ]
    },
    {
      "id": "RN_OSP_RICCIONE_PS",
      "tipologia": "Ospedale Spoke (Emergenza)",
      "nome": "Pronto Soccorso - Ospedale Ceccarini Riccione",
      "provincia": "RN",
      "distretto": "Distretto di Riccione",
      "comune": "Riccione",
      "indirizzo": "Via Frosinone, 1, 47838 Riccione RN",
      "contatti": {
        "telefono": "0541 608511",
        "web": "https://www.auslromagna.it/ospedali/riccione"
      },
      "orari": {
        "lunedi": "H24",
        "martedi": "H24",
        "mercoledi": "H24",
        "giovedi": "H24",
        "venerdi": "H24",
        "sabato": "H24",
        "domenica": "H24",
        "note": "Spoke per la zona Sud della Riviera."
      },
      "servizi_disponibili": [
        "Pronto Soccorso",
        "Rianimazione",
        "Cardiologia",
        "Ortopedia",
        "Pneumologia"
      ]
    },
    {
      "id": "RN_CAU_CATTOLICA",
      "tipologia": "CAU - Centro Assistenza Urgenza",
      "nome": "CAU Cattolica (Ospedale Cervesi)",
      "provincia": "RN",
      "distretto": "Distretto di Riccione",
      "comune": "Cattolica",
      "indirizzo": "Via Beethoven, 1, 47841 Cattolica RN",
      "contatti": {
        "telefono": "0541 966111",
        "web": "https://www.auslromagna.it/luoghi/cau"
      },
      "orari": {
        "lunedi": "H24",
        "martedi": "H24",
        "mercoledi": "H24",
        "giovedi": "H24",
        "venerdi": "H24",
        "sabato": "H24",
        "domenica": "H24",
        "note": "Accesso diretto H24. Presidio di Primo Intervento."
      },
      "servizi_disponibili": [
        "Medicina di base urgente",
        "Punto di Primo Intervento",
        "Radiologia (diurna)",
        "Chirurgia Spalla (Eccellenza)"
      ]
    },
    {
      "id": "RN_CDC_RICCIONE",
      "tipologia": "Casa della Comunità",
      "nome": "Casa della Comunità Riccione",
      "provincia": "RN",
      "distretto": "Distretto di Riccione",
      "comune": "Riccione",
      "indirizzo": "Via San Miniato, 16, 47838 Riccione RN",
      "contatti": {
        "telefono": "0541 608111"
      },
      "orari": {
        "lunedi": "07:30-18:30",
        "martedi": "07:30-18:30",
        "mercoledi": "07:30-18:30",
        "giovedi": "07:30-18:30",
        "venerdi": "07:30-18:30",
        "sabato": "07:30-12:30",
        "domenica": "Chiuso",
        "note": "Polo territoriale."
      },
      "servizi_disponibili": [
        "Punto Prelievi",
        "CUP",
        "Consultorio"
      ]
    },
    {
      "id": "RN_PRELIEVI_RICCIONE",
      "tipologia": "Punto Prelievi",
      "nome": "Punto Prelievi Riccione (Ospedale)",
      "provincia": "RN",
      "distretto": "Distretto di Riccione",
      "comune": "Riccione",
      "indirizzo": "Via Frosinone, 1, Riccione RN",
      "contatti": {
        "telefono": "0541 608511"
      },
      "orari": {
        "lunedi": "07:30-10:00",
        "martedi": "07:30-10:00",
        "mercoledi": "07:30-10:00",
        "giovedi": "07:30-10:00",
        "venerdi": "07:30-10:00",
        "sabato": "07:30-10:00",
        "domenica": "Chiuso",
        "note": "Accesso su prenotazione."
      },
      "servizi_disponibili": [
        "Prelievi ematici"
      ]
    },
    {
      "id": "RN_CDC_CATTOLICA",
      "tipologia": "Casa della Comunità",
      "nome": "Casa della Comunità Cattolica",
      "provincia": "RN",
      "distretto": "Distretto di Riccione",
      "comune": "Cattolica",
      "indirizzo": "Piazza della Repubblica, 1, 47841 Cattolica RN",
      "contatti": {
        "telefono": "0541 966111"
      },
      "orari": {
        "lunedi": "08:00-13:00",
        "martedi": "08:00-13:00",
        "mercoledi": "08:00-13:00",
        "giovedi": "08:00-13:00",
        "venerdi": "08:00-13:00",
        "sabato": "Chiuso",
        "domenica": "Chiuso",
        "note": ""
      },
      "servizi_disponibili": [
        "Punto Prelievi",
        "CUP"
      ]
    },
    {
      "id": "RN_CDC_MORCIANO",
      "tipologia": "Casa della Comunità",
      "nome": "Casa della Comunità Morciano di Romagna",
      "provincia": "RN",
      "distretto": "Distretto di Riccione",
      "comune": "Morciano di Romagna",
      "indirizzo": "Via Arno, 40, 47833 Morciano di Romagna RN",
      "contatti": {
        "telefono": "0541 854111"
      },
      "orari": {
        "lunedi": "07:30-18:00",
        "martedi": "07:30-18:00",
        "mercoledi": "07:30-18:00",
        "giovedi": "07:30-18:00",
        "venerdi": "07:30-18:00",
        "sabato": "07:30-12:30",
        "domenica": "Chiuso",
        "note": "Presidio Valconca."
      },
      "servizi_disponibili": [
        "Punto Prelievi",
        "Consultorio",
        "Specialistica"
      ]
    },
    {
      "id": "RN_PRELIEVI_MORCIANO",
      "tipologia": "Punto Prelievi",
      "nome": "Punto Prelievi Morciano",
      "provincia": "RN",
      "distretto": "Distretto di Riccione",
      "comune": "Morciano di Romagna",
      "indirizzo": "Via Arno, 40, Morciano RN",
      "contatti": {
        "telefono": "0541 854111"
      },
      "orari": {
        "lunedi": "07:30-09:30",
        "martedi": "07:30-09:30",
        "mercoledi": "07:30-09:30",
        "giovedi": "07:30-09:30",
        "venerdi": "07:30-09:30",
        "sabato": "Chiuso",
        "domenica": "Chiuso",
        "note": ""
      },
      "servizi_disponibili": [
        "Prelievi ematici"
      ]
    },
    {
      "id": "RN_CDC_CORIANO",
      "tipologia": "Casa della Comunità",
      "nome": "Casa della Comunità Coriano",
      "provincia": "RN",
      "distretto": "Distretto di Riccione",
      "comune": "Coriano",
      "indirizzo": "Via della Pace, 1, 47853 Coriano RN",
      "contatti": {
        "telefono": "0541 658111"
      },
      "orari": {
        "lunedi": "08:00-13:00",
        "martedi": "08:00-13:00",
        "mercoledi": "08:00-13:00",
        "giovedi": "08:00-13:00",
        "venerdi": "08:00-13:00",
        "sabato": "Chiuso",
        "domenica": "Chiuso",
        "note": ""
      },
      "servizi_disponibili": [
        "Punto Prelievi"
      ]
    },
    {
      "id": "RN_PRELIEVI_CORIANO",
      "tipologia": "Punto Prelievi",
      "nome": "Punto Prelievi Coriano",
      "provincia": "RN",
      "distretto": "Distretto di Riccione",
      "comune": "Coriano",
      "indirizzo": "Via della Pace, 1, Coriano RN",
      "contatti": {
        "telefono": "0541 658111"
      },
      "orari": {
        "lunedi": "07:30-09:00",
        "martedi": "Chiuso",
        "mercoledi": "07:30-09:00",
        "giovedi": "Chiuso",
        "venerdi": "07:30-09:00",
        "sabato": "Chiuso",
        "domenica": "Chiuso",
        "note": "Aperto Lun, Mer, Ven."
      },
      "servizi_disponibili": [
        "Prelievi ematici"
      ]
    },
    {
      "id": "RN_OSP_CESENATICO_CAU",
      "tipologia": "CAU - Centro Assistenza Urgenza",
      "nome": "CAU Cesenatico (Ospedale Marconi)",
      "provincia": "FC",
      "distretto": "Distretto del Rubicone",
      "comune": "Cesenatico",
      "indirizzo": "Via C. Abba, 1, 47042 Cesenatico FC",
      "contatti": {
        "telefono": "0547 674811"
      },
      "orari": {
        "lunedi": "08:00-20:00",
        "martedi": "08:00-20:00",
        "mercoledi": "08:00-20:00",
        "giovedi": "08:00-20:00",
        "venerdi": "08:00-20:00",
        "sabato": "08:00-20:00",
        "domenica": "08:00-20:00",
        "note": "Accesso diretto. Punto di Primo Intervento."
      },
      "servizi_disponibili": [
        "Medicina di base urgente",
        "Radiologia (diurna)",
        "Dialisi Turistica"
      ]
    },
    {
      "id": "RN_CDC_SAVIGNANO_RUBICONE",
      "tipologia": "Casa della Comunità",
      "nome": "Casa della Comunità Savignano sul Rubicone",
      "provincia": "FC",
      "distretto": "Distretto del Rubicone",
      "comune": "Savignano sul Rubicone",
      "indirizzo": "Corso Perticari, 119, 47039 Savignano sul Rubicone FC",
      "contatti": {
        "telefono": "0541 809911"
      },
      "orari": {
        "lunedi": "07:30-18:00",
        "martedi": "07:30-18:00",
        "mercoledi": "07:30-18:00",
        "giovedi": "07:30-18:00",
        "venerdi": "07:30-18:00",
        "sabato": "07:30-12:30",
        "domenica": "Chiuso",
        "note": "Hub distrettuale Rubicone."
      },
      "servizi_disponibili": [
        "Punto Prelievi",
        "CUP",
        "Consultorio",
        "Specialistica"
      ]
    },
    {
      "id": "RN_PRELIEVI_SAVIGNANO",
      "tipologia": "Punto Prelievi",
      "nome": "Punto Prelievi Savignano",
      "provincia": "FC",
      "distretto": "Distretto del Rubicone",
      "comune": "Savignano sul Rubicone",
      "indirizzo": "Corso Perticari, 119, Savignano FC",
      "contatti": {
        "telefono": "0541 809911"
      },
      "orari": {
        "lunedi": "07:30-09:30",
        "martedi": "07:30-09:30",
        "mercoledi": "07:30-09:30",
        "giovedi": "07:30-09:30",
        "venerdi": "07:30-09:30",
        "sabato": "07:30-09:30",
        "domenica": "Chiuso",
        "note": ""
      },
      "servizi_disponibili": [
        "Prelievi ematici"
      ]
    },
    {
      "id": "RN_CDC_GAMBETTOLA",
      "tipologia": "Casa della Comunità",
      "nome": "Casa della Comunità Gambettola",
      "provincia": "FC",
      "distretto": "Distretto del Rubicone",
      "comune": "Gambettola",
      "indirizzo": "Via Viole, 1, 47035 Gambettola FC",
      "contatti": {
        "telefono": "0547 56811"
      },
      "orari": {
        "lunedi": "08:00-13:00",
        "martedi": "08:00-13:00",
        "mercoledi": "08:00-13:00",
        "giovedi": "08:00-13:00",
        "venerdi": "08:00-13:00",
        "sabato": "Chiuso",
        "domenica": "Chiuso",
        "note": ""
      },
      "servizi_disponibili": [
        "Punto Prelievi"
      ]
    },
    {
      "id": "RN_PRELIEVI_GAMBETTOLA",
      "tipologia": "Punto Prelievi",
      "nome": "Punto Prelievi Gambettola",
      "provincia": "FC",
      "distretto": "Distretto del Rubicone",
      "comune": "Gambettola",
      "indirizzo": "Via Viole, 1, Gambettola FC",
      "contatti": {
        "telefono": "0547 56811"
      },
      "orari": {
        "lunedi": "07:30-09:00",
        "martedi": "Chiuso",
        "mercoledi": "07:30-09:00",
        "giovedi": "Chiuso",
        "venerdi": "07:30-09:00",
        "sabato": "Chiuso",
        "domenica": "Chiuso",
        "note": "Aperto Lun, Mer, Ven."
      },
      "servizi_disponibili": [
        "Prelievi ematici"
      ]
    },
    {
      "id": "RN_CDC_SAN_MAURO",
      "tipologia": "Casa della Comunità",
      "nome": "Casa della Comunità San Mauro Pascoli",
      "provincia": "FC",
      "distretto": "Distretto del Rubicone",
      "comune": "San Mauro Pascoli",
      "indirizzo": "Piazza Mazzini, 1, 47030 San Mauro Pascoli FC",
      "contatti": {
        "telefono": "0541 930111"
      },
      "orari": {
        "lunedi": "08:00-13:00",
        "martedi": "08:00-13:00",
        "mercoledi": "08:00-13:00",
        "giovedi": "08:00-13:00",
        "venerdi": "08:00-13:00",
        "sabato": "Chiuso",
        "domenica": "Chiuso",
        "note": ""
      },
      "servizi_disponibili": [
        "Punto Prelievi"
      ]
    },
    {
      "id": "RN_GM_TUR_BELLARIA",
      "tipologia": "Guardia Medica Turistica",
      "nome": "Guardia Medica Turistica Bellaria",
      "provincia": "RN",
      "distretto": "Distretto di Rimini",
      "comune": "Bellaria-Igea Marina",
      "indirizzo": "Piazza del Popolo, 1, Bellaria RN",
      "contatti": {
        "telefono": "800 118 009"
      },
      "orari": {
        "lunedi": "09:00-19:00",
        "martedi": "09:00-19:00",
        "mercoledi": "09:00-19:00",
        "giovedi": "09:00-19:00",
        "venerdi": "09:00-19:00",
        "sabato": "09:00-19:00",
        "domenica": "09:00-19:00",
        "note": "STAGIONALE (Giugno-Settembre). Contattare numero verde."
      },
      "servizi_disponibili": [
        "Assistenza turisti"
      ]
    },
    {
      "id": "RN_GM_TUR_VISERBA",
      "tipologia": "Guardia Medica Turistica",
      "nome": "Guardia Medica Turistica Viserba",
      "provincia": "RN",
      "distretto": "Distretto di Rimini",
      "comune": "Rimini",
      "frazione": "Viserba",
      "indirizzo": "Via Mazzini, 22, Viserba RN",
      "contatti": {
        "telefono": "800 118 009"
      },
      "orari": {
        "lunedi": "09:00-19:00",
        "martedi": "09:00-19:00",
        "mercoledi": "09:00-19:00",
        "giovedi": "09:00-19:00",
        "venerdi": "09:00-19:00",
        "sabato": "09:00-19:00",
        "domenica": "09:00-19:00",
        "note": "STAGIONALE (Giugno-Settembre)."
      },
      "servizi_disponibili": [
        "Assistenza turisti"
      ]
    },
    {
      "id": "RN_GM_TUR_MAREBELLO",
      "tipologia": "Guardia Medica Turistica",
      "nome": "Guardia Medica Turistica Marebello",
      "provincia": "RN",
      "distretto": "Distretto di Rimini",
      "comune": "Rimini",
      "frazione": "Marebello",
      "indirizzo": "Viale Regina Margherita, 237, Marebello RN",
      "contatti": {
        "telefono": "800 118 009"
      },
      "orari": {
        "lunedi": "09:00-19:00",
        "martedi": "09:00-19:00",
        "mercoledi": "09:00-19:00",
        "giovedi": "09:00-19:00",
        "venerdi": "09:00-19:00",
        "sabato": "09:00-19:00",
        "domenica": "09:00-19:00",
        "note": "STAGIONALE (Giugno-Settembre)."
      },
      "servizi_disponibili": [
        "Assistenza turisti"
      ]
    },
    {
      "id": "RN_GM_TUR_RICCIONE",
      "tipologia": "Guardia Medica Turistica",
      "nome": "Guardia Medica Turistica Riccione (Terme)",
      "provincia": "RN",
      "distretto": "Distretto di Riccione",
      "comune": "Riccione",
      "indirizzo": "Viale Torino, 4/16 (Riccione Terme), Riccione RN",
      "contatti": {
        "telefono": "800 118 009"
      },
      "orari": {
        "lunedi": "09:00-19:00",
        "martedi": "09:00-19:00",
        "mercoledi": "09:00-19:00",
        "giovedi": "09:00-19:00",
        "venerdi": "09:00-19:00",
        "sabato": "09:00-19:00",
        "domenica": "09:00-19:00",
        "note": "STAGIONALE (Giugno-Settembre)."
      },
      "servizi_disponibili": [
        "Assistenza turisti"
      ]
    },
    {
      "id": "RN_GM_TUR_CATTOLICA",
      "tipologia": "Guardia Medica Turistica",
      "nome": "Guardia Medica Turistica Cattolica",
      "provincia": "RN",
      "distretto": "Distretto di Riccione",
      "comune": "Cattolica",
      "indirizzo": "Piazza della Repubblica, 1, Cattolica RN",
      "contatti": {
        "telefono": "800 118 009"
      },
      "orari": {
        "lunedi": "09:00-19:00",
        "martedi": "09:00-19:00",
        "mercoledi": "09:00-19:00",
        "giovedi": "09:00-19:00",
        "venerdi": "09:00-19:00",
        "sabato": "09:00-19:00",
        "domenica": "09:00-19:00",
        "note": "STAGIONALE (Giugno-Settembre)."
      },
      "servizi_disponibili": [
        "Assistenza turisti"
      ]
    },
    {
      "id": "RN_GM_TUR_GATTEO",
      "tipologia": "Guardia Medica Turistica",
      "nome": "Guardia Medica Turistica Gatteo Mare",
      "provincia": "FC",
      "distretto": "Distretto del Rubicone",
      "comune": "Gatteo",
      "frazione": "Gatteo Mare",
      "indirizzo": "Via delle Nazioni, 45, Gatteo Mare FC",
      "contatti": {
        "telefono": "800 118 009"
      },
      "orari": {
        "lunedi": "09:00-19:00",
        "martedi": "09:00-19:00",
        "mercoledi": "09:00-19:00",
        "giovedi": "09:00-19:00",
        "venerdi": "09:00-19:00",
        "sabato": "09:00-19:00",
        "domenica": "09:00-19:00",
        "note": "STAGIONALE (Giugno-Settembre)."
      },
      "servizi_disponibili": [
        "Assistenza turisti"
      ]
    },
    {
      "id": "RN_GM_TUR_SAN_MAURO_MARE",
      "tipologia": "Guardia Medica Turistica",
      "nome": "Guardia Medica Turistica San Mauro Mare",
      "provincia": "FC",
      "distretto": "Distretto del Rubicone",
      "comune": "San Mauro Pascoli",
      "frazione": "San Mauro Mare",
      "indirizzo": "Via della Repubblica, 6, San Mauro Mare FC",
      "contatti": {
        "telefono": "800 118 009"
      },
      "orari": {
        "lunedi": "09:00-19:00",
        "martedi": "09:00-19:00",
        "mercoledi": "09:00-19:00",
        "giovedi": "09:00-19:00",
        "venerdi": "09:00-19:00",
        "sabato": "09:00-19:00",
        "domenica": "09:00-19:00",
        "note": "STAGIONALE (Giugno-Settembre)."
      },
      "servizi_disponibili": [
        "Assistenza turisti"
      ]
    },
    {
      "id": "RN_CONS_RIMINI",
      "tipologia": "Consultorio",
      "nome": "Consultorio Familiare Rimini",
      "provincia": "RN",
      "distretto": "Distretto di Rimini",
      "comune": "Rimini",
      "indirizzo": "Via Colonnella, 18, Rimini RN",
      "contatti": {
        "telefono": "0541 707080"
      },
      "orari": {
        "lunedi": "08:30-17:00",
        "martedi": "08:30-17:00",
        "mercoledi": "08:30-17:00",
        "giovedi": "08:30-17:00",
        "venerdi": "08:30-13:30",
        "sabato": "Chiuso",
        "domenica": "Chiuso",
        "note": "Spazio Giovani Lun e Gio."
      },
      "servizi_disponibili": [
        "Ginecologia",
        "Ostetricia",
        "Spazio Giovani"
      ]
    },
    {
      "id": "RN_CONS_RICCIONE",
      "tipologia": "Consultorio",
      "nome": "Consultorio Familiare Riccione",
      "provincia": "RN",
      "distretto": "Distretto di Riccione",
      "comune": "Riccione",
      "indirizzo": "Via San Miniato, 16, Riccione RN",
      "contatti": {
        "telefono": "0541 608673"
      },
      "orari": {
        "lunedi": "08:30-13:00",
        "martedi": "08:30-13:00",
        "mercoledi": "08:30-13:00",
        "giovedi": "08:30-13:00",
        "venerdi": "08:30-13:00",
        "sabato": "Chiuso",
        "domenica": "Chiuso",
        "note": "Spazio Giovani Mar e Gio pomeriggio."
      },
      "servizi_disponibili": [
        "Ginecologia",
        "Ostetricia",
        "Spazio Giovani"
      ]
    },
    {
      "id": "RN_CONS_SANTARCANGELO",
      "tipologia": "Consultorio",
      "nome": "Consultorio Familiare Santarcangelo",
      "provincia": "RN",
      "distretto": "Distretto di Rimini",
      "comune": "Santarcangelo di Romagna",
      "indirizzo": "Via Pedrignone, 3, Santarcangelo RN",
      "contatti": {
        "telefono": "0541 326505"
      },
      "orari": {
        "lunedi": "08:30-13:00",
        "martedi": "08:30-13:00",
        "mercoledi": "08:30-13:00",
        "giovedi": "08:30-13:00",
        "venerdi": "08:30-13:00",
        "sabato": "Chiuso",
        "domenica": "Chiuso",
        "note": "Spazio Giovani il Mercoledì pomeriggio."
      },
      "servizi_disponibili": [
        "Ginecologia",
        "Ostetricia",
        "Spazio Giovani"
      ]
    },
    {
      "id": "RN_CONS_NOVAFELTRIA",
      "tipologia": "Consultorio",
      "nome": "Consultorio Familiare Novafeltria",
      "provincia": "RN",
      "distretto": "Distretto di Rimini",
      "comune": "Novafeltria",
      "indirizzo": "Via XXIV Maggio, 17, Novafeltria RN",
      "contatti": {
        "telefono": "0541 919424"
      },
      "orari": {
        "lunedi": "08:30-13:00",
        "martedi": "08:30-13:00",
        "mercoledi": "08:30-13:00",
        "giovedi": "08:30-13:00",
        "venerdi": "08:30-13:00",
        "sabato": "Chiuso",
        "domenica": "Chiuso",
        "note": "Spazio Giovani il Lunedì pomeriggio."
      },
      "servizi_disponibili": [
        "Ginecologia",
        "Ostetricia",
        "Spazio Giovani"
      ]
    },
    {
      "id": "RN_CONS_SAVIGNANO",
      "tipologia": "Consultorio",
      "nome": "Consultorio Familiare Savignano",
      "provincia": "FC",
      "distretto": "Distretto del Rubicone",
      "comune": "Savignano sul Rubicone",
      "indirizzo": "Corso Perticari, 119, Savignano FC",
      "contatti": {
        "telefono": "0541 809930"
      },
      "orari": {
        "lunedi": "08:30-13:00",
        "martedi": "08:30-13:00",
        "mercoledi": "08:30-13:00",
        "giovedi": "08:30-13:00",
        "venerdi": "08:30-13:00",
        "sabato": "Chiuso",
        "domenica": "Chiuso",
        "note": "Spazio Giovani il Mercoledì pomeriggio."
      },
      "servizi_disponibili": [
        "Ginecologia",
        "Ostetricia",
        "Spazio Giovani"
      ]
    },
    {
      "id": "RN_GM_RIMINI",
      "tipologia": "Guardia Medica",
      "nome": "Continuità Assistenziale Rimini (Sede Centrale)",
      "provincia": "RN",
      "distretto": "Distretto di Rimini",
      "comune": "Rimini",
      "indirizzo": "Via Circonvallazione Occidentale, 57, Rimini RN",
      "contatti": {
        "telefono": "800 118 009"
      },
      "orari": {
        "lunedi": "20:00-08:00",
        "martedi": "20:00-08:00",
        "mercoledi": "20:00-08:00",
        "giovedi": "20:00-08:00",
        "venerdi": "20:00-08:00",
        "sabato": "H24",
        "domenica": "H24",
        "note": "Numero unico gratuito provinciale."
      },
      "servizi_disponibili": [
        "Visite domiciliari",
        "Consulti telefonici",
        "Certificati malattia"
      ]
    },
    {
      "id": "RN_HOSPICE_RIMINI",
      "tipologia": "Hospice",
      "nome": "Hospice Ospedale Infermi",
      "provincia": "RN",
      "distretto": "Distretto di Rimini",
      "comune": "Rimini",
      "indirizzo": "Viale Luigi Settembrini, 2, Rimini RN",
      "contatti": {
        "telefono": "0541 705111"
      },
      "orari": {
        "lunedi": "H24",
        "martedi": "H24",
        "mercoledi": "H24",
        "giovedi": "H24",
        "venerdi": "H24",
        "sabato": "H24",
        "domenica": "H24",
        "note": "Cure palliative residenziali."
      },
      "servizi_disponibili": [
        "Cure Palliative"
      ]
    },
    {
      "id": "RN_HOSPICE_SAVIGNANO",
      "tipologia": "Hospice",
      "nome": "Hospice Savignano sul Rubicone",
      "provincia": "FC",
      "distretto": "Distretto del Rubicone",
      "comune": "Savignano sul Rubicone",
      "indirizzo": "Corso Perticari, 119, Savignano FC",
      "contatti": {
        "telefono": "0541 809911"
      },
      "orari": {
        "lunedi": "H24",
        "martedi": "H24",
        "mercoledi": "H24",
        "giovedi": "H24",
        "venerdi": "H24",
        "sabato": "H24",
        "domenica": "H24",
        "note": "Cure palliative residenziali."
      },
      "servizi_disponibili": [
        "Cure Palliative"
      ]
    },
    {
      "id": "RN_SERDP_RIMINI",
      "tipologia": "SerDP",
      "nome": "SerDP Rimini",
      "provincia": "RN",
      "distretto": "Distretto di Rimini",
      "comune": "Rimini",
      "indirizzo": "Via Ovidio, 83, Rimini RN",
      "contatti": {
        "telefono": "0541 707000"
      },
      "orari": {
        "lunedi": "08:30-13:30",
        "martedi": "08:30-13:30",
        "mercoledi": "08:30-13:30",
        "giovedi": "08:30-13:30",
        "venerdi": "08:30-13:30",
        "sabato": "08:30-11:30",
        "domenica": "Chiuso",
        "note": ""
      },
      "servizi_disponibili": [
        "Trattamento dipendenze"
      ]
    }
  ]